-3.2639,-4.0414,-1.3221,1.384
-1.5586,-2.0049,-0.6982,0.68929
0.36207,0.13393,0.041007,0.07211
1.3213,1.1987,0.27868,-0.41325
3.6608,3.1978,1.3516,-1.3499
-0.18899,-0.92996,-0.2771,0.60531
-2.3169,-2.9862,-1.0457,1.0712
135.51,-49.363,150.63,-176.09
69.803,-17.261,-8.4508,-32.544
44.081,-105.93,-6.2777,-46.796
42.844,-48.989,-9.3654,1.338
14.714,-25.127,-4.0165,3.5046
19.829,-25.799,-4.7598,4.0129
10.523,-19.059,-2.5379,0.75886
58.601,-76.609,13.407,6.8941
34.564,-40.755,0.98458,9.1919
25.946,-38.765,-4.0875,6.5989
54.21,-59.491,2.7258,15.376
-3.1901,-4.0215,-0.7434,0.4598
-1.636,-2.1333,-0.31672,0.25017
-0.081831,-0.34094,-0.35791,0.05029
0.53638,0.49251,0.041354,-0.064864
3.5489,3.4027,0.45551,-0.39794
-0.50697,-1.0492,-0.60031,0.23632
-1.9146,-2.5431,-0.5016,0.14864
151.11,50.957,154.36,-10.655
-12.674,-50.328,-35.767,-5.2472
60.184,4.1562,43.024,2.4371
51.853,-62.222,-13.427,2.5723
20.445,-30.439,-3.6236,1.614
16.367,-22.095,-6.0052,2.7105
10.26,-15.702,-4.4646,-1.6058
70.017,-88.236,-9.4896,-4.0399
37.933,-61.965,-5.0693,-1.6709
12.614,-21.282,-4.6146,1.9638
37.999,-48.191,-9.2727,0.10032
-1.7772,-3.1243,2.103,0.95171
-0.8368,-1.4859,0.96966,0.40922
-0.10969,-0.40667,0.12365,-0.087734
0.44203,0.45763,-0.38399,-0.22808
2.0501,2.3166,-1.8512,-0.85183
-0.45886,-1.1198,0.51991,0.010862
-1.2037,-2.2918,1.5398,0.87708
191.2,117.72,-108.17,37.313
32.46,-9.2994,-8.3982,3.482
54.058,-10.116,-16.934,34.523
70.121,-79.484,-3.9464,1.6212
26.227,-34.127,-4.6887,2.6176
14.488,-21.755,-3.9113,1.7958
8.6512,-15.981,-4.3261,1.9039
46.602,-46.125,-9.0702,1.3269
24.354,-37.864,4.0879,1.972
8.9229,-18.497,-1.2549,2.7571
47.383,-67.627,-2.5616,-3.5727
-3.277,-4.1284,-1.5852,1.8186
-1.4682,-1.9683,-0.87662,0.95545
0.14062,-0.2395,-0.47795,0.37647
1.3996,1.2241,0.17212,-0.47191
3.2428,3.1405,1.3833,-1.4468
-0.73209,-1.4108,-1.0107,0.95951
-2.4737,-3.2325,-0.92094,0.95752
197.56,66.152,270.74,-81.655
20.081,-8.1001,-0.65038,-20.083
5.7545,-55.562,-7.6267,-62.958
43.893,-57.765,-10.54,2.3829
8.2318,-19.194,3.674,1.1974
13.16,-24.117,1.3728,0.24195
11.876,-17.489,-3.6345,-2.2668
56.956,-59.174,-12.847,9.8893
19.057,-35.969,-6.4727,2.4987
6.6021,-14.09,-0.40119,-1.3335
51.937,-65.533,-1.4455,0.99409
-1.8169,-3.0863,1.9805,0.73426
-0.94206,-1.6642,1.0058,0.30088
-0.0050293,-0.41666,0.0036898,-0.25768
0.72316,0.64724,-0.61047,-0.38888
2.2584,2.4776,-1.9129,-0.80881
0.39971,-2.6819,0.50432,0.1037
-1.06,-2.3537,1.4332,0.87239
387.81,197.39,-192.7,51.511
67.598,-89.816,-7.9367,11.026
116.7,-99.818,-6.9078,44.463
37.09,-68.346,0.69855,1.053
11.492,-17.955,-6.3347,-0.84227
10.942,-21.605,-9.9116,-4.228
9.9962,-17.243,-5.1915,-1.9841
40.689,-46.564,-2.4544,0.14194
14.49,-22.237,-0.33626,-0.25827
12.212,-23.573,-2.6671,2.4836
27.492,-44.353,-8.068,-6.9396
-1.917,-3.1698,1.9129,0.61036
-1.0575,-1.826,1.0649,0.30873
-0.13958,-0.51682,0.090111,-0.23944
0.37021,0.31146,-0.25568,-0.092027
2.4762,2.6558,-1.9694,-0.79965
-0.49806,-1.2266,0.38468,-0.39097
-0.96847,-1.8442,1.1236,0.64877
239.33,121.56,-121.19,35.477
32.924,-32.687,6.985,25.236
113.17,57.279,-71.692,-8.3702
57.531,-76.076,-3.5096,4.7397
16.222,-21.067,-5.143,6.1928
21.411,-21.499,-4.3386,1.7431
9.107,-15.022,-6.7589,3.4908
29.956,-50.964,-1.1671,7.7602
8.4455,-21.144,0.35925,5.4986
7.7205,-13.928,-3.4196,3.1297
37.47,-52.27,-0.57631,6.5932
-1.1392,-2.4277,1.8219,1.6936
-0.6231,-1.3092,0.97426,0.90164
-0.029182,-0.16183,0.062323,0.044181
0.27852,0.25984,-0.26498,-0.25234
1.7108,1.9984,-1.8256,-1.6582
-0.2165,-0.5028,0.31513,0.30093
-0.67958,-1.5592,1.145,1.0538
90.205,19.762,-47.56,-21.297
28.793,-12.827,-6.8987,-18.486
52.717,-13.229,-26.769,3.0867
45.547,-59.423,-13.099,22.71
11.388,-14.788,-5.8168,-0.12473
17.406,-24.019,-6.9706,0.98206
13.128,-16.133,-7.0287,1.5525
47.497,-45.037,-11.893,6.0361
19.164,-21.868,-5.7397,1.577
6.4172,-14.434,-3.3084,3.0013
39.72,-56.701,-3.7003,7.2922
-2.4476,-3.5659,1.0066,-0.13831
-1.2534,-1.8825,0.4385,-0.17905
0.12124,-0.10383,-0.19483,-0.14125
0.78833,0.81605,-0.32687,-0.047689
2.9214,2.9964,-0.94212,0.28674
-0.4128,-0.91163,-0.080067,-0.2139
-1.6365,-2.4982,0.79337,-0.0087939
179.64,70.222,61.193,122.67
58.655,12.439,-22.604,-10.699
68.777,-24.243,42.993,28.247
60.931,-76.832,-25.683,-28.449
21.647,-23.795,-7.8297,-5.0209
13.651,-22.468,-6.06,-3.8826
13.246,-23.32,-2.7859,2.6603
63.078,-69.16,-5.4733,10.893
39.082,-45.242,-6.1438,8.7701
6.831,-13.575,-1.6445,5.9472
38.176,-63.069,-0.11832,10.19
-3.2991,-4.0896,-1.397,1.5878
-1.6603,-2.1233,-0.83307,0.81928
0.36327,0.045752,-0.22045,0.15933
1.0569,0.95142,0.21524,-0.37481
3.695,3.5502,1.4442,-1.4371
-0.22232,-0.78194,-0.52657,0.59423
-2.1546,-2.7788,-0.86435,0.95923
144.98,35.96,196.84,-114.68
48.661,-7.2348,-25.57,1.084
48.033,-31.659,47.521,-61.766
68.013,-77.559,-17.338,-4.7316
21.847,-27.851,-11.156,-0.45106
9.3482,-23.106,-4.2816,3.6844
13.377,-22.82,-7.246,1.311
70.287,-73.47,-6.7168,-2.6029
20.251,-28.131,-5.7958,-0.22339
5.8338,-14.248,-1.7053,2.7063
35.355,-52.209,-7.1316,1.6918
-1.8679,-3.1485,2.0116,0.72765
-0.94644,-1.6929,1.0792,0.44749
-0.12506,-0.44451,0.12117,-0.13673
0.3703,0.36169,-0.28529,-0.10243
2.2937,2.4989,-1.9708,-0.90863
-0.40169,-1.1402,0.39746,-0.20211
-1.0911,-1.9623,1.2192,0.52302
173.28,91.932,-83.145,59.804
-34.724,-83.479,37.887,-0.86403
105.74,39.918,-63.68,-16.161
59.769,-73.732,-5.9916,5.6884
11.577,-21.53,-3.8918,7.0339
24.454,-22.675,-8.5907,4.4306
13.412,-16.224,-6.9924,3.8692
62.639,-39.083,-22.842,-1.1526
19.951,-21.711,-11.257,2.438
10.371,-16.694,-6.8808,4.803
57.521,-73.905,-12.442,15.513
-2.6474,-3.6887,0.35936,-0.23467
-1.4379,-2.0284,0.26933,0.015352
-0.59929,-0.95433,-0.16529,-0.28788
0.5966,0.53449,-0.19612,-0.020077
2.9827,2.8022,-0.43884,0.25338
-1.1058,-2.1368,-0.3633,-0.4956
-1.2733,-2.2679,0.29122,-0.095792
179.06,97.759,-15.517,-5.3852
-1.2471,-144.56,28.994,-31.369
120.72,-8.4944,-94.1,-114.16
52.704,-51.676,-9.2735,-0.37788
17.364,-23.798,-4.1036,2.9814
8.2206,-18.495,-4.4414,1.9066
9.5374,-15.947,-4.1478,-0.37789
29.59,-31.968,-8.9088,-5.995
5.4006,-15.266,-4.2231,-5.4752
6.0566,-15.738,-4.9485,-2.0419
38.222,-58.622,-18.195,6.451
-2.9423,-3.8762,-0.17303,0.030837
-1.5148,-2.0349,-0.24236,-0.086788
0.0039608,-0.21832,-0.33573,-0.063113
0.93387,0.83505,-0.11768,-0.14829
3.2585,3.1236,0.10003,0.076849
-0.62531,-1.0706,-0.4526,0.035164
-1.8855,-2.7396,0.24705,0.1393
198.94,81.574,105.81,90.207
84.318,8.4213,-39.257,-19.612
31.464,-74.823,80.649,68.141
64.648,-87.891,-1.4753,1.7865
17.936,-23.233,2.2951,-2.1058
20.116,-28.617,4.3234,2.7432
11.789,-22.15,0.28933,1.5535
37.938,-52.072,-0.70252,9.8217
19.942,-26.283,-1.4269,1.7189
8.0536,-17.436,0.37251,0.47358
67.499,-93.544,2.3195,3.6808
-2.3308,-3.4958,1.1671,-0.11204
-1.1801,-1.8245,0.53291,-0.11866
0.21913,-0.0014829,-0.23968,-0.14578
0.9052,0.93174,-0.43084,-0.053661
2.7817,2.9998,-1.1912,0.12686
-0.23862,-0.82397,-0.14293,-0.21397
-1.5977,-2.5412,0.95305,-0.047882
189.68,77.235,71.686,182.71
30.958,-2.1372,-11.341,-4.5839
42.777,-22.413,31.338,72.728
42.105,-53.687,5.522,11.331
24.889,-31.601,-3.7839,1.878
18.166,-23.451,-8.6208,2.0338
18.196,-23.939,-5.3579,0.1503
77.408,-97.543,-22.5,22.124
26.416,-41.794,-10.452,5.2322
11.493,-23.697,-2.8773,2.8701
70.834,-74.596,-3.9228,6.1996
-0.27818,-1.463,0.99459,1.5485
-0.12802,-0.84072,0.55338,0.86308
0.0323,-0.14604,0.026024,0.053631
0.1627,0.11476,-0.14205,-0.21867
0.85538,1.129,-1.0608,-1.6054
0.014169,-0.53163,0.19281,0.32829
-0.1708,-0.98191,0.60314,0.98516
114.5,8.1232,-58.338,-76.851
6.8811,-28.825,9.2849,15.36
67.93,14.033,-44.122,-56.728
31.755,-50.017,-6.5563,0.31605
12.019,-18.462,0.63126,-1.4898
10.663,-18.215,-1.6634,-0.39458
12.665,-18.504,-4.5777,2.7365
73.826,-92.255,-10.267,-1.3383
16.434,-28.4,-2.1099,-0.94685
6.3634,-15.071,-0.24396,3.0476
23.34,-34.868,-6.1517,1.9206
-0.52177,-1.7457,1.2672,1.7531
-0.29346,-0.93194,0.66057,0.92149
-0.003074,-0.19348,0.062907,0.09508
0.19404,0.24801,-0.23052,-0.31989
1.0118,1.2938,-1.2036,-1.6607
-0.11704,-0.55877,0.29378,0.41237
-0.26556,-1.2041,0.80687,1.1508
118.17,31.817,-74.365,-90.56
30.383,-6.2769,-10.699,-18.297
39.215,10.89,-26.664,-33.445
32.372,-59.756,0.5724,-3.1042
8.5411,-19.075,-2.9553,2.0554
19.303,-27.385,-2.9552,4.2374
23.523,-24.257,-3.899,2.8035
58.224,-76.312,-4.7291,10.953
36.283,-47.799,0.039471,5.6662
5.7996,-11.601,-1.7809,1.9909
41.554,-65.478,-14.211,1.826
-0.64756,-1.8654,1.3831,1.7947
-0.33506,-0.97487,0.69881,0.90875
0.06476,-0.10943,-0.016797,-0.024877
0.32218,0.40169,-0.37543,-0.48848
1.1633,1.3893,-1.338,-1.7038
-0.094975,-0.6017,0.29147,0.36363
-0.4273,-1.4053,0.98988,1.3195
150.99,43.998,-95.614,-95.775
43.098,-19.983,-12.355,-15.814
62.577,-7.7645,-37.929,-23.753
43.402,-86.138,3.7697,26.079
21.264,-32.517,-4.2231,10.971
13.347,-21.706,-5.1502,4.1959
13.092,-18.364,-6.0791,3.2793
30.537,-44.345,-7.6367,-0.24159
11.264,-17.942,-4.1323,0.36182
7.9181,-16.163,-0.59841,8.9957
39.573,-53.797,11.467,35.103
-1.6795,-2.9472,1.9848,0.92722
-0.99739,-1.7839,1.1464,0.45261
-0.15036,-0.57547,0.17319,-0.13014
0.49661,0.42434,-0.44579,-0.28613
2.1725,2.515,-1.9534,-0.97539
-0.66981,-1.3617,0.70505,0.12766
-0.7205,-1.6121,1.0487,0.76119
265.48,156.56,-183.55,-113.53
36.531,6.9489,-20.325,0.89914
49.733,-15.843,-22.996,1.0577
39.572,-63.071,6.2209,0.27711
17.968,-21.663,-5.5822,0.63639
22.681,-31.261,-4.9109,1.4872
14.721,-23.678,-2.9371,2.4738
28.651,-41.154,-4.4852,-5.0939
14.321,-23.877,-1.7099,4.1416
9.6682,-18.292,-2.8563,1.3172
58.02,-75.047,-5.6998,0.83353
-3.1267,-3.9469,-0.74809,0.46026
-1.6629,-2.2131,-0.27964,0.29595
-0.27736,-0.56924,-0.44688,-0.097044
0.70774,0.59031,0.042405,0.015069
3.5442,3.2427,0.47846,-0.6123
-0.86318,-1.6726,-0.70789,0.11502
-1.7309,-2.4871,-0.5618,0.21439
175.9,73.641,82.089,-17.362
-33.295,-95.28,-24.569,-16.137
137.52,24.132,-103.35,-64.199
36.077,-57.612,-4.2283,-9.7008
8.8474,-20.306,-5.6756,-3.4486
9.3258,-17.307,-3.578,0.77974
11.004,-16.97,-2.1072,-2.4802
46.722,-56.455,-11.639,-4.5342
18.995,-26.023,-3.7909,-1.7296
8.1023,-16.8,-1.3203,5.0851
29.2,-54.208,4.9177,6.3018
-1.7059,-3.0722,2.0491,0.93985
-0.89804,-1.6041,1.0372,0.46057
-0.25609,-0.6591,0.27027,-0.062991
0.42221,0.42632,-0.3662,-0.217
2.7107,1.018,-1.718,-0.85363
0.72503,-3.3279,0.5101,0.36371
-0.56783,-2.7899,1.2926,0.87854
322.69,97.424,-159.19,-68.107
200.38,-230.04,-35.852,-123.89
308.56,-188.33,-79.468,38.101
46.145,-66.334,2.4911,1.3079
13.682,-19.453,-6.11,6.4903
18.327,-23.854,-12.632,4.0151
11.848,-23.007,-3.5904,0.26505
40.148,-39.527,-5.042,0.67576
19.487,-22.104,-3.7842,0.36984
12.742,-19.968,-0.48396,2.9392
32.684,-63.587,9.194,-3.273
-3.0388,-3.8922,-0.71507,0.48077
-1.7196,-2.2364,-0.33565,0.22565
-0.45623,-0.79322,-0.59066,-0.17705
0.81725,0.65415,-0.13205,-0.16391
3.8385,2.8768,0.76222,-0.39272
-0.85116,-2.2352,-0.92053,0.26565
-1.6424,-2.3724,-0.20548,0.48816
271.77,163.15,-41.739,-42.411
33.898,-97.579,-77.531,-125.45
97.235,-43.511,-73.017,13.845
39.203,-59.775,3.7564,17.498
22.653,-32.035,-1.8909,1.1944
16.652,-27.94,-0.51824,3.7207
10.121,-20.732,-3.7668,4.3697
29.629,-43.38,-3.798,5.9443
11.796,-26.803,-0.72079,4.71
6.3917,-16.791,0.73159,1.2931
38.42,-59.539,-3.0175,1.3746
-3.2119,-3.9814,-1.4047,1.4743
-1.7819,-2.241,-0.67132,0.82969
-0.33643,-0.68265,-0.55023,0.027853
1.0486,0.87986,0.024883,-0.25052
3.519,3.1972,1.1956,-1.4404
-1.1412,-1.9936,-1.0213,0.45408
-1.8004,-2.4679,-0.83715,1.0044
225.64,104.12,-17.985,-133.14
-21.57,-124.32,-4.6187,-13.881
88.911,-18.635,-164.52,-103.94
43.412,-53.991,-1.8775,26.506
11.667,-19.044,-1.684,1.0819
10.671,-21.55,-4.4308,0.15358
13.944,-20.777,-1.8068,-0.31344
29.062,-52.985,8.0633,0.015689
9.6226,-19.745,1.9687,0.57572
4.4592,-13.444,-2.8285,0.45524
38.498,-62.235,-1.277,21.629
-2.052,-3.3199,1.8149,0.41405
-1.0579,-1.8043,0.98938,0.26879
-0.078715,-0.2754,0.039591,-0.068535
0.27194,0.25091,-0.18359,-0.066291
2.5632,2.8355,-1.85,-0.46004
-0.26434,-0.64228,0.19979,0.011528
-1.235,-2.0706,1.0691,0.17032
120.58,35.364,-10.759,75.521
-16.005,-51.944,13.835,-10.966
59.205,1.5015,-0.17226,39.835
49.073,-59.905,-8.8626,-7.7767
10.161,-15.863,-4.3737,2.4621
12.739,-22.641,-0.78202,6.1682
11.055,-20.68,-5.361,6.635
59.644,-64.779,-6.8285,12.307
18.131,-26.894,-2.1977,7.2784
5.503,-13.758,-0.75842,2.7021
56.409,-74.965,3.1101,-1.6631
-3.3272,-4.1805,-0.88249,0.81094
-1.4106,-1.8423,-0.67986,0.34474
-0.1273,-0.44699,-0.50908,0.16352
0.82384,0.73666,0.038541,-0.14004
3.1817,2.8516,0.65847,-0.27515
-0.84281,-1.31,-0.78969,-0.030632
-2.4286,-3.1996,-0.35572,0.46049
213.01,71.835,236.89,-9.5025
92.146,-13.876,24.588,80.729
48.318,-12.703,36.483,-49.027
58.649,-74.111,5.6225,5.0013
14.924,-27.963,-1.0759,2.5692
19.768,-28.621,5.165,4.362
12.812,-17.779,-0.81843,-2.8984
20.234,-31.726,-6.5999,-2.3719
4.9258,-14.42,-1.6874,0.22774
7.4583,-12.826,-1.5926,1.91
35.011,-39.26,-7.456,5.9884
-3.2781,-4.0796,-1.1764,1.2145
-1.5493,-2.0037,-0.9195,0.57592
0.041307,-0.33169,-0.6198,0.26449
1.1864,0.99394,-0.081408,-0.33282
3.3709,3.1082,0.94989,-0.81073
-0.77884,-1.4087,-0.74671,0.28407
-2.3169,-3.0887,-0.3588,0.65374
265.97,110.38,269.42,25.966
87.985,-15.447,-11.7,122.13
23.012,-82.438,66.405,-95.329
82.696,-92.805,-6.9114,-0.024665
19.036,-24.625,-4.9866,2.3987
20.892,-28.952,-8.3551,2.1664
21.504,-25.606,-4.7924,7.4192
32.611,-53.66,-2.6058,15.838
14.29,-25.042,-1.4494,2.3285
8.584,-16.666,-0.7293,1.5516
67.375,-69.815,-23.327,-13.575
-3.2065,-4.344,-1.7115,1.7541
-1.8016,-2.4683,-0.81162,1.0665
-0.33744,-0.80604,-0.65839,0.11494
1.0346,0.90465,0.10658,-0.38201
3.5897,3.5816,1.2751,-1.5219
-1.1864,-2.1964,-1.4371,0.79754
-1.7071,-2.546,-0.9326,0.94666
203.12,92.615,-41.426,17.54
-29.069,-164.89,34.814,-31.287
120.85,-11.26,-121.62,-115.65
42.219,-65.872,3.5818,4.8255
17.783,-29.01,-1.4074,2.3849
20.667,-30.432,-5.0778,3.8777
10.12,-17.688,-3.7879,-3.7617
22.21,-36.61,1.0366,1.6124
6.161,-19.3,1.2521,2.7895
4.2759,-10.536,-2.3887,4.7536
53.454,-59.031,-6.3573,24.046
-1.1399,-2.427,1.8217,1.6998
-0.60089,-1.282,0.94536,0.87078
-0.020789,-0.32571,0.10183,0.029779
0.3046,0.32583,-0.31723,-0.31776
1.607,1.8921,-1.7212,-1.6523
-0.28278,-0.87645,0.47419,0.31071
-0.66031,-1.5822,1.1452,1.1744
199.75,88.055,-138.28,-95.168
23.149,-15.178,-7.1476,5.138
44.986,17.828,-33.548,-19.085
49.954,-48.231,-6.6102,5.7277
18.834,-29.34,-5.8408,2.1803
16.969,-24.523,-0.68008,4.8228
9.9247,-21.12,-0.99888,2.2213
58.125,-84.99,2.6519,11.401
17.929,-27.522,-1.1546,5.5505
5.4135,-14.39,-0.56254,2.9582
39.659,-53.903,-1.181,18.404
-3.2714,-4.4909,-1.6523,1.9061
-1.8946,-2.6189,-1.2221,1.0496
-0.080123,-0.30961,-0.19715,0.17039
0.36182,0.23031,-0.10668,-0.33144
4.1326,3.9327,1.8632,-1.6006
-0.30828,-0.77227,-0.22264,0.29031
-1.6126,-2.5986,-0.52753,1.133
101.87,32.851,-26.808,-8.8535
143.68,-16.775,-31.517,85.484
4.6251,-137.28,125.39,-55.954
79.136,-90.201,-29.437,10.219
19.408,-31.69,-7.6486,-0.22615
23.844,-32.069,-7.0032,5.6924
19.593,-35.673,-8.2223,1.3625
96.5,-108.5,-11.777,-1.4699
38.123,-46.825,-7.3715,1.8557
9.09,-16.81,-3.6209,-1.2672
79.204,-103.22,-24.111,4.1631
-3.2526,-4.4173,-1.667,1.8453
-1.8072,-2.4885,-0.93088,0.86435
-0.11198,-0.50469,-0.50667,0.061149
0.92558,0.78202,0.17061,-0.48135
3.9441,3.6362,1.5731,-1.78
-0.85665,-1.5923,-0.67175,0.93285
-1.8956,-2.7582,-0.78789,1.3486
169.27,102.93,-58.519,37.844
76.57,-22.352,-117.43,-88.07
32.203,-61.099,44.647,131.41
55.373,-66.919,-9.3344,-14.083
15.358,-28.324,-5.9988,0.54557
17.823,-30.94,-9.4524,-2.1882
13.192,-19.507,-6.1685,-2.344
48.083,-56.111,-14.179,14.187
25.838,-26.763,-8.3081,-0.54348
10.68,-17.914,-3.465,-1.3853
47.143,-49.749,-9.0281,-0.94552
-3.191,-3.9738,-1.1854,1.0244
-1.7905,-2.2684,-0.57975,0.66346
-0.44157,-0.82905,-0.62158,0.10826
0.76316,0.62468,-0.11109,-0.258
3.5617,3.3606,0.95313,-0.937
-1.1881,-1.7996,-1.1824,0.34551
-1.6197,-2.2624,-0.54369,0.38679
245.04,124.67,12.311,-93.011
-30.399,-134.92,35.046,20.096
92.574,-44.027,-24.096,-135.12
41.263,-90.091,17.547,10.4
15.138,-27.712,-1.7314,6.413
14.741,-25.174,0.2653,7.7759
12.669,-20.39,-3.5585,0.36142
47.065,-56.142,1.9217,4.9365
13.303,-22.513,0.11238,7.5889
6.9044,-15.423,0.43849,3.2681
39.368,-52.556,6.5356,4.1818
-3.3271,-4.4624,-1.7056,1.8744
-1.7836,-2.4413,-0.91603,1.0242
-0.0053709,-0.28518,-0.11114,0.071803
0.47768,0.40477,0.13334,-0.16325
3.8362,3.8849,1.5951,-1.8388
-0.38084,-0.89147,-0.30456,0.27514
-1.8914,-2.659,-1.0063,1.0576
54.686,-13.952,26.421,-13.285
21.555,-33.124,-0.68702,4.4022
30.569,-21.961,-24.838,-20.742
64.819,-70.243,-20.419,18.632
32.09,-42.487,-2.3571,0.5042
23.018,-29.573,-1.1821,2.8605
19.494,-25.399,-3.4901,3.4428
33.159,-50.935,-7.7111,4.7855
20.638,-26.08,-2.3548,4.9184
4.4474,-14.873,-2.1555,0.74751
91.516,-100.54,-15.402,5.5115
-1.9458,-3.2737,1.9635,0.62644
-0.98956,-1.6608,0.95367,0.24093
-0.14339,-0.42819,0.09766,-0.11726
0.4218,0.42081,-0.3077,-0.1149
2.2915,2.4983,-1.7984,-0.58271
-0.50479,-0.95948,0.40764,-0.0014691
-1.2011,-2.266,1.3759,0.60095
175.25,87.051,-71.924,47.409
74.124,-4.5178,-31.719,-35.244
81.773,21.101,-31.101,26.971
47.749,-67.733,11.83,27.867
18.353,-23.048,-3.4733,3.7281
11.584,-21.205,-1.7001,3.6757
10.593,-20.211,-3.3643,7.4313
59.688,-73.28,-10.962,-4.601
29.065,-40.979,-3.4268,-0.28114
6.3744,-10.989,-5.0087,0.82839
35.36,-52,-0.18372,11.884
-1.8613,-3.1568,2.0306,0.7719
-0.91649,-1.6171,0.97388,0.29439
-0.0077508,-0.33971,0.010843,-0.18922
0.57635,0.58012,-0.48769,-0.23951
2.2098,2.4492,-1.8846,-0.79271
-0.3755,-1.0416,0.36196,-0.16434
-1.1843,-2.2256,1.451,0.74209
255.96,118.52,-131.45,28.786
50.42,7.6059,-17.267,12.119
72.915,-24.405,-33.339,41.355
66.196,-79.807,-18.695,4.1253
23.667,-36.944,-0.60136,3.4306
14.812,-24.875,1.1808,3.2001
13.726,-19.39,0.4739,2.123
29.872,-37.411,-3.6245,0.98297
11.546,-17.386,-2.6565,5.0984
5.7685,-12.539,-2.988,5.141
52.454,-65.56,-6.8779,10.089
-3.2826,-4.2377,-1.6189,1.9914
-1.3595,-1.9108,-0.77888,0.91164
0.39708,-0.0064798,-0.045099,-0.050246
1.3846,1.2862,0.50776,-0.65554
3.2052,3.1984,1.3651,-1.7207
-0.28891,-0.98983,-0.46539,0.42062
-2.5136,-3.3244,-1.233,1.5646
87.736,-0.50472,40.291,-74.293
30.829,-36.925,17.027,10.093
25.231,-12.499,-10.481,-3.6805
47.455,-67.122,-6.0683,-6.482
19.688,-25.645,-6.2544,1.9092
21.154,-25.991,-4.7531,-1.673
15.414,-20.059,-4.9184,-5.3968
38.645,-42.655,-6.0624,-2.365
14.512,-21.587,-3.2873,0.89883
8.3637,-11.039,-2.4339,0.74574
45.597,-54.299,-12.239,-8.0909
-2.8218,-3.7661,0.17934,-0.17253
-1.5253,-2.1233,0.12391,-0.073785
0.023743,-0.26698,-0.34382,-0.16479
0.51044,0.45055,-0.055334,0.021263
3.362,3.3298,-0.45321,0.11374
-0.35002,-0.87964,-0.58322,-0.24458
-1.5958,-2.2749,0.16778,-0.18724
198.58,50.575,114.46,103.6
-4.1264,-46.154,-12.028,-17.321
87.137,32.569,21.87,44.708
41.775,-44.94,-18.378,11.499
15.974,-21.464,-10.455,7.3782
14.604,-20.638,-6.6158,2.1596
15.101,-19.928,-4.6211,1.3273
44.926,-46.155,-7.9919,8.7536
11.15,-15.878,-2.8,5.6102
4.5808,-12.817,-2.1317,-0.91303
32.728,-44.566,-10.65,-13.247
-3.3543,-4.1806,-1.2387,1.261
-1.5655,-1.9912,-0.70687,0.63229
0.025772,-0.23502,-0.3614,0.16622
0.89149,0.72634,0.21004,-0.19091
3.4596,3.2268,1.094,-0.98384
-0.56836,-1.087,-0.79553,0.46275
-2.2657,-3.0158,-0.70126,0.72893
132.63,29.973,176.64,-33.952
43.132,-17.875,10.685,-6.421
85.529,8.0936,3.3027,-55.794
69.33,-59.517,-19.472,-2.0895
25.683,-37.852,-7.1732,2.2086
29.042,-33.549,-3.9219,0.67929
15.12,-17.6,-5.2683,-0.82301
47.417,-66.823,-4.0503,3.331
22.457,-34.066,-0.89235,3.4642
6.3066,-14.678,-3.0796,1.3707
27.501,-23.479,-11.894,8.6718
-1.7312,-3.0203,2.0328,0.91312
-0.88209,-1.5825,1.0328,0.42067
0.14351,-0.10266,-0.10211,-0.18117
0.63385,0.7342,-0.5761,-0.29171
2.1869,2.518,-1.9767,-0.88655
-0.18965,-0.76524,0.25998,-0.053789
-1.1833,-2.1539,1.4287,0.69581
207.62,93.69,-97.496,46.221
30.251,-15.938,-9.9687,-19.717
85.861,14.68,-32.743,30.959
68.782,-67.288,-23.866,-2.7882
31.205,-28.91,-10.198,3.0398
32.367,-27.933,-8.5838,6.4772
22.849,-21.377,-9.2325,0.27779
43.702,-55.452,-6.8074,21.641
36.191,-48.649,-5.8897,11.752
6.771,-10.548,-4.0228,1.4582
45.265,-46.074,-18.259,3.3391
-2.9779,-3.8712,-0.39954,0.12364
-1.5563,-2.0615,-0.31266,0.023653
0.18766,-0.14156,-0.36365,-0.032268
1.0861,0.9666,-0.12249,-0.1373
3.4321,3.2946,0.44304,0.014328
-0.58567,-1.1017,-0.51826,0.060444
-1.9169,-2.6468,-0.17001,0.058661
251.38,91.267,200.94,15.687
43.219,-18.788,-22.158,-12.434
45.676,-58.394,59.04,-32.663
64.701,-101.26,-0.0039546,-0.1085
11.318,-29.711,3.3421,-4.409
12.953,-29.745,1.1304,-1.9397
12.801,-23.211,-4.1413,3.9554
48.415,-60.888,2.8169,2.9285
14.449,-24.508,0.48697,1.7575
5.3616,-14.044,-1.427,1.8373
23.157,-40.106,-3.164,1.2019
-3.292,-4.0788,-1.1042,0.94764
-1.667,-2.1437,-0.46446,0.49863
-0.20006,-0.50188,-0.52479,0.19139
0.58366,0.51362,0.094773,-0.083281
3.5883,3.3452,0.70732,-0.83086
-0.73889,-1.3335,-0.94944,0.47196
-1.9828,-2.5732,-0.65395,0.40383
159.4,46.94,189.01,-4.9316
-29.131,-66.614,-47.499,6.6977
91.129,19.365,29.468,-26.918
59.395,-61.501,-23.655,22.127
14.008,-20.793,-2.6957,4.0004
19.275,-26.862,-3.081,2.3243
12.041,-18.484,-6.4508,1.3495
29.806,-46.652,-11.407,0.34857
19.226,-26.374,-5.022,0.96993
16.799,-21.647,-2.6723,4.0395
35.479,-49.141,-13.604,8.7008
-3.3669,-4.6757,-1.8492,1.9319
-1.6401,-2.3691,-0.90817,1.0529
0.20402,-0.25148,-0.10063,0.18197
0.5404,0.46352,0.08684,-0.26069
4.1073,3.0427,1.7391,-1.7576
1.3274,-2.1693,-0.74857,0.63562
-2.2133,-3.2123,-1.1925,1.1351
114.44,-79.072,77.028,-66.827
169.59,-73.047,8.5339,-209.27
225.02,-387.93,23.002,45.555
85.042,-107.08,-8.2901,-11.626
18.1,-27.745,-2.793,5.2129
20.884,-21.92,-0.77663,9.5819
18.004,-21.736,-9.1612,1.7234
36.325,-43.98,-10.808,0.51818
14.579,-23.941,-0.66213,1.0397
36.649,-46.964,-5.8074,5.8934
55.299,-76.576,-8.9829,2.3414
-3.2566,-4.4521,-1.5376,1.8811
-1.6063,-2.2558,-1.0736,0.71682
0.04538,-0.40339,-0.71639,0.14827
1.2631,1.1417,0.39468,-0.50706
3.5774,3.4443,1.16,-1.7768
-0.74227,-2.028,-1.0246,0.65941
-2.2467,-3.2689,-0.57061,1.3407
202.4,120.92,71.614,102.05
102.86,6.7252,-151.3,56.988
114.81,-4.8426,21.389,99.904
84.724,-91.518,-7.7066,-1.4218
17.931,-29.278,-3.4224,4.3982
11.692,-26.198,1.778,9.503
13.311,-24.033,-5.7037,7.2888
41.614,-60.11,3.438,-2.9083
28.47,-37.731,-3.146,3.7781
12.474,-17.878,-2.3166,3.4711
58.579,-52.132,-14.878,1.4132
0.68353,-0.8281,-0.059494,0.012782
0.36033,-0.43669,-0.031446,0.0066869
0.063694,-0.077179,-0.0055528,0.001173
-0.0062592,0.043022,0.001967,-0.0025263
-0.091731,0.43708,0.022617,-0.037629
0.19223,-0.24222,-0.01848,0.0068461
0.42877,-0.52299,-0.038292,0.0086353
1.0237,3.0981,0.020939,-0.29575
13.973,-16.607,-1.6385,0.68683
20.62,-26.977,-2.152,1.2274
30.81,-36.825,-4.0027,1.6283
11.147,-12.649,-1.2463,0.44474
7.9249,-8.1071,-0.70632,0.31048
9.2586,-8.5603,-0.78553,0.21915
16.886,-20.186,-2.1464,1.4339
5.0631,-5.9062,-0.5925,0.28604
5.1728,-6.0571,-0.5693,0.26911
29.193,-38.537,-4.0207,2.6385
-3.3358,-4.4763,-1.621,1.8173
-1.5545,-2.2097,-1.1293,0.93059
0.23156,-0.021603,-0.10293,0.028437
1.2213,1.0071,0.17814,-0.40001
3.7144,3.5409,1.5765,-1.6775
-0.50588,-1.0984,-0.35568,0.24242
-2.3506,-3.2368,-0.72037,1.1341
95.197,26.647,114.75,-24.545
106.01,17.289,41.266,64.456
-2.8816,-65.529,-47.402,-22.859
69.411,-97.838,-2.5709,3.3658
26.167,-39.694,-6.4644,5.8945
16.273,-26.755,-3.2778,7.993
16.628,-23.343,-2.443,-1.6923
67.331,-64.214,-21.604,9.1695
33.949,-41.425,-4.2655,10.812
8.048,-14.448,-2.5703,-1.8774
56.336,-70.307,-7.463,-5.3764
-3.019,-3.8176,-0.66577,0.46871
-1.8037,-2.3685,-0.446,0.244
0.38333,0.22656,-0.17416,0.0041736
0.91563,0.86376,0.26038,-0.1003
3.9681,3.5817,0.43758,-0.34743
-0.058982,-0.60993,-0.33836,-0.064985
-1.5535,-2.1499,-0.39639,0.26061
69.171,-26.245,103.56,56.91
56.325,-84.926,-69.056,44.684
103.3,-1.1663,89.442,64.157
61.405,-67.125,-45.471,5.4364
25.476,-23.819,-13.777,7.3976
23.052,-23.926,-5.5745,6.6907
6.9267,-12.013,-1.6038,5.0065
88.644,-109.52,1.6784,3.9384
28.019,-39.384,0.47853,5.073
8.1373,-14.531,-8.1618,1.257
37.487,-41.068,-14.641,4.8062
-3.1254,-4.4308,-1.8343,1.8457
-2.0717,-2.9067,-0.93233,1.1787
-0.042308,-0.22443,-0.070314,0.12359
0.34596,0.22431,0.43262,-0.079161
4.1521,4.3458,1.5712,-2.0832
-0.21036,-0.81511,-0.56786,0.29025
-1.1717,-2.1036,-1.2404,0.79628
-34.715,-104.69,39.305,0.52055
-23.398,-87.065,-33.823,-1.4738
107.62,22.161,0.19015,54.604
45.054,-83.157,-23.099,7.0157
22.906,-27.068,-11.216,12.949
30.683,-32.964,-4.2544,8.1435
20.947,-27.987,-2.1419,-0.27356
65.062,-109.35,2.6641,-27.119
27.001,-46.211,-2.0497,-13.847
6.4944,-16.183,-1.6217,4.3216
49.644,-73.629,-11.081,-5.2444
-2.9576,-3.8393,-0.44688,0.12773
-1.7641,-2.3301,-0.10015,0.13675
-0.17721,-0.31763,-0.26881,-0.12998
0.57214,0.43018,0.14869,0.07946
3.668,3.417,0.17037,-0.30927
-0.57973,-1.1641,-0.45542,-0.13447
-1.4596,-2.1034,-0.39458,0.079257
61.75,-5.6962,3.7874,73.368
-13.69,-85.446,-41.927,-68.455
125.76,36.178,-59.62,57.371
52.925,-56.699,-4.1607,2.4596
25.01,-36.306,-3.9681,8.1174
27.403,-29.357,-6.5811,5.6874
17.956,-19.336,-8.4624,-1.2228
107.92,-112.23,-32.527,1.0779
57.036,-59.902,-14.101,5.2566
14.938,-19.194,-0.70493,2.9222
41.506,-59.057,1.783,-0.97449
-3.1263,-4.343,-1.5495,1.8553
-1.9074,-2.6367,-1.1316,0.95655
-0.13622,-0.35012,-0.40989,0.096129
1.106,1.0686,0.33628,-0.45915
3.84,3.8243,1.5873,-2.0195
-1.0408,-1.9195,-0.76696,0.77426
-1.6534,-2.541,-0.53225,1.136
132.25,64.122,-4.6437,40.76
80.256,-0.49348,-98.483,40.814
88.713,-0.50785,-37.993,-48.098
36.904,-66.328,4.5589,6.3959
30.8,-41.577,6.2925,12.73
27.883,-41.479,6.0844,11.227
20.277,-28.4,0.34331,5.4385
75.366,-62.363,-19.339,1.4724
20.548,-30.996,-9.2699,-1.1716
3.1483,-14.836,-0.20822,2.1234
32.634,-54.3,-4.713,3.2702
-3.0749,-4.1669,-1.5743,1.8421
-1.9869,-2.6695,-0.97058,0.92486
0.10742,-0.15485,-0.43198,0.16884
1.0492,0.96071,0.50947,-0.54521
4.073,3.8082,1.3132,-1.6826
-0.59867,-1.7004,-0.90293,0.7036
-1.3937,-2.289,-0.71813,1.1059
82.778,14.324,47.417,90.13
104.5,-62.306,-193.48,-17.657
138.62,-19.062,95.416,64.452
44.609,-51.694,-10.66,19.346
51.644,-64.212,-13.136,1.9718
15.241,-23.399,-2.5957,2.7368
7.9941,-16.142,-4.4356,1.4137
73.551,-79.122,-22.013,14.473
24.449,-30.042,-15.195,3.5481
8.6376,-17.3,-3.1267,6.4954
53.468,-66.494,-13.334,27.736
-3.1712,-4.4617,-1.7848,1.8815
-1.9845,-2.7523,-1.0061,1.1376
-0.36257,-0.48162,-0.13428,0.13728
0.45711,0.40174,0.32698,-0.23616
3.9639,4.1844,1.7011,-1.9193
-0.94314,-1.3441,-0.5744,0.46658
-1.3204,-2.251,-0.9751,0.91601
-1.1859,-77.331,-64.825,58.07
9.5884,-49.022,-21.091,28.43
71.66,1.7889,-8.5007,-17.85
46.213,-77.45,10.363,-9.4201
24.303,-39.342,0.03146,8.594
32.218,-41.635,3.0457,4.2075
18.581,-25.52,-3.0109,3.5485
54.624,-70.507,1.2439,27.449
13.485,-22.022,1.7435,10.544
7.6361,-14.045,-2.0887,2.0806
30.827,-45.144,-7.2926,0.028072
-2.7434,-3.6839,0.12621,-0.19627
-1.6705,-2.2647,0.16128,-0.05834
-0.31743,-0.54781,0.13753,0.095659
0.34671,0.20861,0.072918,0.11532
3.4476,3.4439,-0.27777,0.11912
-0.7932,-1.1635,0.1457,0.056072
-1.2373,-1.8164,-0.12332,-0.23393
-70.303,-112.04,35.597,13.732
-10.739,-40.196,-16.394,-11.965
42.778,-3.5239,-9.4719,-19.496
44.137,-64.158,-8.1681,-10.099
28.707,-36.529,-8.758,6.9714
28.121,-34.359,-9.1728,3.9422
10.777,-16.921,-7.4977,2.3756
67.394,-77.019,-20.866,0.80296
35.552,-37.257,-15.837,1.1951
2.0129,-11.236,-2.851,2.6597
25.53,-34.61,-0.23072,-1.0544
-3.2613,-4.5626,-1.6509,1.8153
-1.5355,-2.3657,-1.2346,1.1622
0.21882,-0.041651,-0.1153,0.08498
1.2404,1.2059,0.36012,-0.4448
3.7041,3.6488,1.8699,-1.6762
-0.4374,-1.5123,-0.72249,0.34612
-2.2692,-3.206,-0.77754,0.97066
100.8,1.7054,147.48,-78.522
131.42,-4.0186,139.32,10.479
44.837,-29.787,-29.427,-85.78
50.663,-58.485,-13.022,-2.913
25.04,-35.302,-1.9916,1.8638
20.207,-28.181,4.5752,5.0014
14.436,-21.416,0.09253,5.8521
46.205,-67.167,-0.76471,8.2663
26.049,-50.67,3.4582,10.848
11.262,-18.821,1.5312,4.6229
50.041,-58.71,-7.6021,7.3723
-3.1289,-4.168,-1.4767,1.8451
-1.8191,-2.4593,-1.1435,1.1899
0.38263,-0.0074842,-0.2568,0.31746
0.96313,0.9289,0.34697,-0.4313
4.0856,3.7421,1.3627,-1.5032
-0.099817,-1.1966,-0.86956,0.53307
-1.6869,-2.6177,-0.66733,0.80551
135.28,-35.713,239.02,-54.933
105.41,-79.054,30.844,208.27
109.13,-11.943,119.22,-129.96
50.933,-48.692,5.5128,-23.893
73.189,-84.468,-5.7161,20.351
13.329,-25.55,0.28331,0.15398
9.5293,-16.468,-3.6812,0.27596
31.021,-43.161,2.0737,-11.079
33.309,-53.842,-2.0879,-4.4623
9.067,-20.553,0.092824,0.6066
50.029,-64.251,6.2192,-2.9432
-3.2387,-4.127,-1.6195,1.8847
-1.8652,-2.4104,-0.78752,1.0652
-0.17892,-0.29094,-0.10034,0.11256
0.56981,0.50306,0.30505,-0.2283
3.8634,3.7195,1.339,-1.8932
-0.72066,-1.1068,-0.44788,0.39944
-1.6521,-2.2879,-1.1046,1.0328
-3.1258,-44.485,3.8974,-2.2466
-18.234,-53.424,-21.793,4.7106
56.406,4.5972,-24.104,-6.983
48.277,-71.084,-7.6685,4.6255
34.688,-44.624,-8.1472,7.4888
17.721,-25.192,-5.3639,3.269
8.2569,-19.778,-1.7676,2.1016
39.561,-54.639,-4.6847,2.3153
24.611,-30.596,-5.5487,5.5488
7.9772,-15.412,-2.8719,1.2804
39.849,-53.089,-2.6253,3.6889
-3.1982,-4.0462,-1.3909,1.8294
-1.8835,-2.4267,-0.89544,0.73352
-0.21891,-0.37947,-0.42165,0.17359
0.73131,0.69553,0.32598,-0.36141
3.8637,3.4841,1.3022,-1.799
-0.80128,-1.5393,-0.63504,0.72996
-1.66,-2.3834,-0.5741,1.3457
87.234,42.693,-11.755,27.371
127.63,2.482,-220.55,-21.809
105.76,0.12763,65.192,54.685
45.516,-67.358,-22.506,4.4638
22.118,-27.712,-11.837,5.0064
15.472,-24.833,-5.9221,9.8249
9.6381,-19.813,-4.6431,4.0095
49.114,-58.378,-8.8394,6.7655
24.141,-32.315,-5.9352,-3.2034
4.3958,-14.025,-2.8615,2.6494
24.89,-35.686,-10.144,9.2994
-1.7354,-3.0267,2.0319,0.89681
-0.81506,-1.4535,0.97188,0.44357
0.13609,0.1213,-0.11783,-0.069182
0.77984,0.87431,-0.68407,-0.30102
2.0819,2.4348,-1.8837,-0.83378
-0.29241,-0.6895,0.38126,0.22702
-1.2094,-2.2542,1.4319,0.59182
21.976,-12.88,-2.7259,10.273
3.366,-45.732,13.907,21.18
39.418,-52.646,-19.497,-65.396
43.299,-50.656,-1.7844,4.7944
45.904,-54.176,-13.841,15.45
28.654,-32.962,-5.466,4.4926
19.691,-24.132,-2.457,0.56565
50.332,-60.241,-8.7857,3.8924
48.923,-64.738,-7.6049,-6.701
9.6186,-18.39,-5.0864,2.4702
34.389,-43.993,-1.2361,8.6988
-3.1719,-3.9906,-1.409,1.7405
-1.8316,-2.3452,-1.0101,1.1407
0.42197,0.042331,-0.19734,0.29325
1.1009,1.0186,0.44368,-0.50928
4.0208,3.6182,1.0967,-1.406
-0.2295,-1.2071,-0.90082,0.66071
-1.7526,-2.4772,-0.73729,0.71439
84.647,-39.782,226.9,-55.665
62.977,-101.29,35.883,218.24
154.02,-40.623,124.46,-182.74
44.959,-50.426,-21.454,12.794
30.192,-44.911,-9.4046,14.48
19.247,-24.703,-9.107,6.4898
8.1145,-15.787,-3.587,2.05
39.267,-41.192,-15.577,1.1217
21.824,-31.676,-10.557,7.9138
22.695,-37.59,-1.7754,2.5444
39.873,-51.78,-14.209,2.0879
-3.17,-4.1197,-1.6208,1.9133
-1.8966,-2.5006,-0.83199,1.1158
-0.17286,-0.25708,-0.0208,0.094977
0.69552,0.60473,0.40424,-0.3553
3.8866,3.7609,1.4525,-1.8932
-0.81849,-1.1766,-0.40168,0.50359
-1.5028,-2.2304,-1.0998,1.0345
-26.84,-61.423,-22.431,-7.9626
-10.093,-61.138,-22.576,29.736
65.808,-1.1561,4.6418,-43.234
28.326,-44.609,-7.9147,6.6884
21.881,-65.899,13.975,1.6822
16.963,-37.292,-1.464,-0.042632
19.378,-41.114,-4.29,1.9854
94.705,-110.06,-10.6,12.69
39.086,-50.432,-4.0495,6.4246
2.8725,-11.737,0.19298,1.4006
36.947,-53.301,-2.9778,5.9128
-2.453,-3.4744,0.73398,-0.23467
-1.6149,-2.3165,0.53613,-0.087608
0.13253,0.05253,0.003488,0.091274
0.23638,0.19628,-0.012997,0.062241
3.5148,3.4952,-0.96729,0.21705
0.066577,-0.31506,0.084492,0.081352
-0.93891,-1.4826,0.15647,-0.23465
10.024,-107.47,37.038,13.148
-1.1975,-72.027,3.9762,0.37684
31.306,-53.85,37.123,73.538
69.484,-108.86,-43.254,14.9
31.41,-41.478,-9.4453,0.22152
24.671,-32.041,-5.4512,0.56912
9.3102,-14.699,-5.1213,1.2507
110.61,-96.354,-42.463,18.316
37.992,-41.669,-17.073,8.2176
12.087,-16.534,-4.7703,4.9278
64.674,-89.234,-17.313,2.8577
-3.2309,-4.2012,-1.5149,1.9412
-1.6655,-2.2239,-1.0364,1.1349
0.26892,0.030591,-0.1692,0.13336
1.0044,0.96466,0.37471,-0.37643
3.7173,3.599,1.4467,-1.5732
-0.33765,-1.0581,-0.76989,0.25945
-1.9803,-2.8794,-0.80794,1.003
73.058,-10.892,165.09,-13.999
74.624,-35.206,53.914,70.102
72.207,1.0821,-14.303,-50.771
51.5,-58.135,-13.106,11.078
49.685,-67.213,-0.30695,8.7431
24.597,-27.921,-6.6739,1.7146
12.169,-23.288,0.64674,5.8493
78.702,-84.522,-11.298,14.002
30.107,-43.694,7.4146,13.705
5.2693,-14.087,-4.793,2.3831
26.738,-35.644,-13.59,14.944
-3.1373,-4.1901,-1.4719,1.7787
-1.7931,-2.4266,-1.1125,1.148
0.36762,0.0019357,-0.21236,0.26012
1.1026,1.0637,0.44472,-0.51113
4.0845,3.7092,1.3511,-1.562
-0.21572,-1.4801,-0.98071,0.61051
-1.7966,-2.5951,-0.6506,0.82683
93.352,-31.739,206.39,-48.165
98.797,-69.944,30.85,162.86
119.9,-36.558,100.51,-129.13
52.445,-82.795,9.181,-4.921
59.733,-88.961,-3.8962,23.645
20.034,-25.527,-4.6353,11.82
14.685,-21.702,-3.3183,5.1463
58.758,-70.187,-10.32,-5.3929
17.397,-24.645,-5.8362,-2.5778
20.537,-30.878,-0.88618,3.042
49.807,-74.607,3.7761,-7.8548
-3.232,-4.4562,-1.7678,1.8602
-1.9365,-2.6894,-0.94725,1.121
-0.038078,-0.18854,0.015901,0.10803
0.53652,0.50731,0.30533,-0.21634
3.9999,4.1757,1.6836,-1.9348
-0.48577,-0.86547,-0.26905,0.40141
-1.5777,-2.3898,-1.063,0.91105
-29.773,-79.914,34.905,33.428
1.1652,-56.151,-9.5541,17.37
46.673,-8.077,-0.80092,-22.578
42.645,-78.99,-1.108,-15.609
37.267,-50.235,-6.7775,10.826
23.826,-30.489,2.2005,8.5176
13.821,-26.772,-0.23788,3.5917
66.408,-86.503,-7.9565,12.927
25.198,-43.93,-0.70846,-0.09709
3.9168,-13.575,-1.5666,3.0017
53.196,-83.938,-0.14463,9.3311
-3.2581,-4.6531,-1.7094,1.8732
-1.7889,-2.6098,-1.1816,1.1626
0.11038,-0.021136,0.0079172,0.058186
0.50531,0.49749,0.25702,-0.22412
4.2737,3.776,1.7985,-1.7521
0.23453,-1.2966,-0.40981,0.17915
-1.6281,-3.0335,-0.81278,0.94243
47.25,-59.887,46.777,-47.769
201.5,-124.03,55.081,32.167
162.4,-119.01,2.1868,-57.151
60.429,-88.917,-5.0002,-3.1771
30.797,-54.403,4.6718,1.2916
18.566,-27.138,-1.8979,-3.1574
15.12,-25.354,-0.60907,2.2207
79.321,-65.051,-30.954,-26.282
37.766,-50.192,-10.583,-15.591
7.2767,-14.79,-1.6746,4.6319
55.729,-72.556,-18.086,-0.082129
-3.262,-4.4363,-1.6455,1.8321
-1.4509,-2.1124,-0.75954,0.90381
0.27246,0.12174,-0.0049895,-0.059668
1.5181,1.329,0.68404,-0.6291
3.4193,3.3507,1.3176,-1.6198
-0.59813,-0.94391,-0.54749,0.36135
-2.438,-3.3458,-1.2736,1.2639
32.27,-51.53,49.939,-10.71
33.078,-72.876,13.283,-22.218
102.04,-24.075,-30.042,46.516
54.031,-73.445,-21.634,-2.0833
45.022,-58.926,-11.291,-13.759
21.619,-32.368,-11.908,-7.8138
18.192,-24.651,-5.9014,-4.8138
65.663,-68.056,2.0218,-2.6101
39.679,-44.161,10.838,15.846
11.595,-20.805,-4.7336,0.62043
49.128,-65.496,-8.951,-4.5596
-3.0961,-4.0827,-1.5807,1.8927
-1.7757,-2.39,-0.92965,1.1263
0.47385,0.19212,-0.049223,-0.063889
1.2586,1.1395,0.46267,-0.55743
3.9582,3.7659,1.6527,-2.0268
-0.37857,-0.89691,-0.64412,0.54165
-1.7302,-2.5386,-0.96528,1.134
74.069,16.785,66.818,-94.445
47.294,-38.447,-16.383,-67.796
58.669,-32.198,-14.19,-24.482
44.652,-61.695,1.3307,12.473
46.679,-74.257,2.591,-7.1236
19.103,-32.945,1.1562,2.6458
19.045,-31.189,-0.7642,-0.064981
50.858,-56.849,-12.174,15.138
24.941,-32.857,-1.8708,17.613
9.0671,-14.522,-5.5905,2.609
61.092,-69.124,-7.0201,2.7537
-3.246,-4.0232,-1.425,1.4693
-1.9118,-2.4543,-0.64724,0.88479
0.046612,-0.04888,-0.045487,0.084203
0.58929,0.45423,0.28775,-0.14318
4.0351,3.7316,1.1094,-1.5099
-0.31065,-0.65514,-0.36022,0.29591
-1.6204,-2.1713,-1.0237,0.69729
-1.9549,-72.757,71.659,18.695
-28.47,-84.922,-24.463,0.87154
62.788,1.9052,-3.7894,-1.6597
74.469,-66.671,-28.21,3.8776
38.402,-46.149,-7.7881,-0.10329
14.075,-26.005,-3.0604,1.5457
9.2106,-20.184,-1.8118,1.1776
51.512,-53.304,2.5052,31.338
24.112,-27.209,-0.95124,15.63
6.3198,-14.529,-2.8251,1.7342
50.596,-59.869,-13.974,2.0162
-3.3135,-4.5016,-1.5517,1.8235
-1.7534,-2.4354,-1.2364,0.97807
0.11754,-0.047555,-0.065258,0.094834
0.7177,0.62901,0.082814,-0.27202
3.7877,3.8818,1.6212,-1.5382
-0.33569,-0.8574,-0.12763,0.08897
-1.923,-2.9435,-0.52659,1.1243
53.057,3.4741,89.861,15.49
146.53,13.747,10.967,129.28
25.152,-49.941,8.1613,-117.92
63.001,-95.178,-2.8066,23.774
30.009,-53.655,-2.526,13.605
15.104,-23.59,-8.4402,8.1904
20.931,-23.731,-5.1173,1.9152
41.773,-54.367,-5.8005,7.1779
27.446,-36.782,-8.2951,5.3937
7.1674,-15.675,-4.2981,0.73166
61.175,-74.611,-8.0431,3.7005
-3.2713,-4.4678,-1.6588,1.8426
-1.5636,-2.2517,-0.91812,0.90287
0.31786,0.30426,0.050575,-0.13117
1.2991,1.2878,0.43458,-0.60304
3.5482,3.6531,1.5965,-1.6507
-0.37217,-0.64324,-0.40157,0.31316
-2.2072,-3.1939,-1.0003,1.2917
63.161,-9.7954,-0.65658,10.33
60.978,-14.736,-7.2448,-11.624
24.684,-57.391,-4.5565,25.342
60.154,-65.665,-7.7253,-2.6346
62.51,-87.642,-12.311,10.147
26.849,-43.905,-7.2513,3.6324
20.743,-28.936,-2.184,-1.353
121.02,-154.79,-7.1959,6.0969
71.427,-92.872,-8.449,7.4008
7.9108,-17.624,-3.0611,0.94601
48.098,-60.593,-13.975,4.7116
-3.1398,-4.0865,-1.5312,1.9283
-1.7017,-2.2483,-0.98387,1.0348
0.51732,0.40633,0.16328,-0.13998
1.2581,1.1342,0.34979,-0.49317
3.8717,3.623,1.6029,-1.9145
-0.19695,-0.44987,-0.041225,0.050448
-1.9209,-2.6212,-0.77035,1.2045
48.68,-14.35,88.185,-44.943
82.329,4.1835,-14.415,19.106
23.833,-53.997,-43.961,-14.177
71.814,-92.578,-6.4142,9.6944
65.545,-82.08,-5.6984,4.6993
20.129,-22.176,-4.5176,-3.2267
19.847,-22.499,-4.298,5.5498
26.973,-37.726,-7.385,1.3902
13.701,-22.911,-3.479,2.8932
4.0889,-14.607,-3.3123,2.3825
53.711,-59.759,-13.838,3.6277
-3.1364,-4.3981,-1.7761,1.85
-2.018,-2.8425,-1.0133,1.1866
0.010776,-0.12019,-0.22629,-0.037856
0.72926,0.70813,0.3725,-0.2515
4.0242,4.309,1.6626,-2.0403
-0.49155,-1.1391,-0.71993,0.26445
-1.3693,-2.1557,-1.0359,0.82565
52.422,6.0547,-4.2598,12.19
-4.958,-74.898,-5.1621,-14.225
96.533,22.125,-75.077,19.184
39.503,-62.518,-0.77343,11.265
79.939,-99.578,-0.3758,21.512
28.889,-33.322,-1.743,2.0779
14.477,-27.69,-1.3836,3.7943
50.444,-77.797,-2.2865,17.697
18.868,-38.227,-1.8121,8.9991
4.2891,-11.144,-2.6633,4.9966
31.509,-48.081,-5.6392,14.428
-3.2473,-4.598,-1.6416,1.9439
-1.7882,-2.5802,-1.2654,0.99288
-0.0056215,-0.11182,-0.082428,0.1646
0.67085,0.6929,0.32775,-0.32208
3.8472,4.0705,1.7466,-1.931
-0.4966,-1.1213,-0.23979,0.40557
-1.8265,-2.763,-0.64661,1.0996
27.946,-37.423,79.33,12.401
134.45,49.629,-44.252,81.357
68.533,-16.144,51.381,-66.128
71.514,-85.386,-7.3897,20.406
50.273,-60.478,-0.41806,7.9366
21.047,-26.386,1.9642,3.1649
15.542,-22.786,-1.6605,3.4906
71.116,-84.006,-7.9781,18.265
24.894,-30.793,-5.22,-3.0034
4.3722,-12.618,-3.5466,-0.21576
49.613,-66.07,-3.1272,-0.52727
-3.1279,-4.0382,-1.4463,1.9151
-1.8321,-2.3744,-1.1,1.0126
0.019788,-0.091859,-0.25123,0.11653
1.1658,1.066,0.33596,-0.4124
3.72,3.6057,1.248,-2.0067
-0.92937,-1.4277,-0.40908,0.50726
-1.7527,-2.5906,-0.48974,1.04
88.502,-15.763,108.61,106.88
90.634,6.3811,-68.866,102.05
63.266,-18.435,-41.144,9.1116
37.595,-45.889,-3.7042,-0.14251
45.768,-60.484,-8.6725,5.1125
30.151,-36.451,-11.203,-1.7255
20.968,-21.038,-9.702,-3.2766
80.369,-77.409,-31.541,10.825
61.384,-59.231,-17.073,4.241
10.594,-22.398,-2.8047,2.2209
30.818,-38.383,-1.6223,1.7725
-3.0011,-3.8955,-1.5094,1.8165
-1.9692,-2.5138,-0.92337,1.0812
0.4633,0.30512,-0.077873,-0.033427
1.2699,1.1705,0.52618,-0.62785
4.1384,3.7867,1.4213,-1.8299
-0.12303,-0.92673,-0.58575,0.35087
-1.3054,-2.1806,-0.90304,0.98493
79.17,5.4314,71.443,-51.703
84.462,-76.093,-96.476,-26.092
112.06,-41.008,50.134,23.553
69.019,-89.065,-19.3,-15.057
23.522,-38.432,-6.6673,0.49719
18.197,-28.251,-0.86056,-2.4784
13.977,-20.103,-2.1272,1.61
103.88,-98.778,-3.8165,-3.5827
40.768,-42.024,0.90185,-2.3747
10.96,-17.821,-2.2296,3.431
43.395,-46.839,-7.1686,-4.504
-3.1683,-4.6028,-1.8597,1.9066
-1.8869,-2.7991,-0.9526,1.1408
0.18603,0.01091,0.10454,-0.030493
0.56411,0.52317,0.2655,-0.23776
3.9678,4.385,1.7143,-2.0038
-0.16259,-0.53208,-0.041498,0.18456
-1.5156,-2.438,-1.19,0.96258
2.8604,-59.221,14.208,1.7743
-17.519,-63.776,-8.0328,6.0764
26.223,-27.381,-15.72,-10.306
50.064,-74.291,-7.593,-16.207
34.446,-57.654,-6.9054,-1.2712
20.981,-27.179,-9.1219,3.0313
16.43,-23.665,-1.1838,3.7665
50.535,-52,-12.79,1.4453
27.831,-40.438,-7.8732,3.9941
9.1036,-18.673,-3.825,1.1055
81.192,-103.26,-5.2502,1.5162
-3.191,-4.5908,-1.7143,1.9305
-1.849,-2.6693,-1.1753,1.0431
0.23601,0.11214,-0.13814,-0.0010377
0.68479,0.74012,0.31514,-0.36068
3.8973,4.2728,1.7568,-1.9774
-0.17099,-0.65279,-0.37302,0.1767
-1.6419,-2.6162,-0.72568,1.1013
53.161,2.1524,45.744,52.671
73.284,-5.197,-52.213,63.149
65.983,-17.58,50.19,18.771
60.764,-73.042,-6.2095,2.4588
34.479,-59.255,0.031499,15.315
17.215,-24.937,2.3334,1.7432
17.616,-24.945,-0.31831,-0.88852
78.574,-91.605,-0.39442,16.369
21.096,-33.354,0.25011,4.6707
7.2293,-17.256,1.0763,1.5929
55.379,-74.439,15.159,-22.064
-3.0732,-4.2587,-1.6303,1.8781
-1.9319,-2.6663,-1.1874,1.0042
0.21569,0.11535,-0.19167,0.0031111
1.2893,1.2648,0.41841,-0.61999
3.9727,4.0398,1.6039,-2.1288
-0.66742,-1.3187,-0.4363,0.60517
-1.643,-2.4879,-0.52761,1.0921
101.25,23.37,32.535,97.183
78.762,13.906,-114.09,38.787
63.479,-38.44,29.342,13.957
61.295,-72.771,-14.186,16.409
21.494,-29.219,-13.221,-3.4641
23.576,-25.005,-4.988,-3.8481
24.235,-24.464,-6.2109,-3.0727
61.513,-52.261,-15.309,-4.166
30.426,-31.434,-8.0686,-0.14136
21.711,-32.279,-4.4309,2.22
50.714,-61.91,-8.4413,13.57
0,0,0,0
0,0,0,0
0,0,0,0
0,0,0,0
0,0,0,0
0,0,0,0
0,0,0,0
0,0,0,0
0,0,0,0
0,0,0,0
0,0,0,0
0,0,0,0
0,0,0,0
0,0,0,0
0,0,0,0
0,0,0,0
0,0,0,0
0,0,0,0
0,0,0,0
0,0,0,0
0,0,0,0
0,0,0,0
0,0,0,0
0,0,0,0
0,0,0,0
0,0,0,0
0,0,0,0
0,0,0,0
0,0,0,0
0,0,0,0
0,0,0,0
0,0,0,0
0,0,0,0
0,0,0,0
0,0,0,0
0,0,0,0
0,0,0,0
0,0,0,0
0,0,0,0
0,0,0,0
0,0,0,0
0,0,0,0
0,0,0,0
0,0,0,0
0,0,0,0
0,0,0,0
0,0,0,0
0,0,0,0
0,0,0,0
0,0,0,0
0,0,0,0
0,0,0,0
0,0,0,0
0,0,0,0
0,0,0,0
0,0,0,0
0,0,0,0
0,0,0,0
0,0,0,0
0,0,0,0
0,0,0,0
0,0,0,0
0,0,0,0
0,0,0,0
0,0,0,0
0,0,0,0
0,0,0,0
0,0,0,0
0,0,0,0
0,0,0,0
0,0,0,0
0,0,0,0
0,0,0,0
0,0,0,0
0,0,0,0
0,0,0,0
0,0,0,0
0,0,0,0
0,0,0,0
0,0,0,0
0,0,0,0
0,0,0,0
0,0,0,0
0,0,0,0
0,0,0,0
0,0,0,0
0,0,0,0
0,0,0,0
0,0,0,0
0,0,0,0
0,0,0,0
0,0,0,0
0,0,0,0
0,0,0,0
0,0,0,0
0,0,0,0
0,0,0,0
0,0,0,0
0,0,0,0
0,0,0,0
0,0,0,0
0,0,0,0
0,0,0,0
0,0,0,0
0,0,0,0
0,0,0,0
0,0,0,0
0,0,0,0
