-0.873,0,-0.86359,-0.873,-0.873
-0.466,0,-0.40689,-0.388,-0.388
-0.077,0.08,0.053068,0.055,0.055
0.21,0.314,0.2896,0.29,0.29
0.618,1.056,0.76936,0.738,0.738
-0.416,0.223,-0.14295,-0.127,-0.127
-0.719,0,-0.63771,-0.627,-0.627
-46.312,109,12.461,-5.438,-5.438
-32.062,39.562,4.0266,-6.188,-6.188
-71.75,47.562,0.26537,19.125,19.125
-39,38,-0.27703,23,23
-16,20,-0.86395,7,7
-15,27,-1.1528,3,3
-12,13,-0.85612,2,2
-42,69,-0.69128,-15,-15
-23,44,-1.0204,-13,-13
-32,20,-0.84058,-3,-3
-35,68,-0.81208,2,2
-0.883,0,-0.87352,-0.863,-0.863
-0.495,0,-0.46785,-0.495,-0.495
-0.189,0.027,-0.024185,0.027,0.027
0.091,0.132,0.11833,0.092,0.092
0.73,0.942,0.83631,0.894,0.894
-0.437,0.015,-0.13787,-0.042,-0.042
-0.619,0,-0.52119,-0.508,-0.508
-7.125,68.188,15.171,-7.125,-7.125
-21.812,13.562,-7.3507,-17.812,-17.812
-12.25,31.125,9.2453,5.375,5.375
-56,32,-1.1752,-22,-22
-20,24,-1.2403,-6,-6
-14,22,-1.0923,-3,-3
-10,15,-0.92969,0,0
-71,62,-0.31298,-3,-3
-53,20,-0.72868,-9,-9
-14,15,-1.4083,1,1
-37,36,-0.81061,-4,-4
-0.909,0,-0.89828,-0.909,-0.909
-0.437,0,-0.40306,-0.384,-0.384
-0.186,0,-0.03866,-0.004,-0.004
0.13,0.195,0.16214,0.163,0.163
0.669,0.854,0.75018,0.669,0.669
-0.425,0,-0.19656,-0.128,-0.128
-0.738,0,-0.64422,-0.656,-0.656
-8.812,81.312,21.496,19.688,19.688
-15.062,19.438,3.9413,3.938,3.938
-26.562,25.188,6.0075,-10.25,-10.25
-51,80,-0.89691,0,0
-30,15,-1.0435,0,0
-15,16,-0.92784,-5,-5
-11,8,-0.96429,-4,-4
-35,42,-2.0521,-35,-35
-26,23,-1.1313,-4,-4
-13,9,-0.81915,3,3
-46,48,-0.38776,3,3
-0.875,0,-0.86096,-0.862,-0.862
-0.472,0,-0.40428,-0.384,-0.384
-0.228,0.046,-0.027711,0.038,0.038
0.171,0.339,0.28373,0.328,0.328
0.647,0.804,0.72253,0.724,0.724
-0.535,0,-0.26383,-0.16,-0.16
-0.742,0,-0.62231,-0.67,-0.67
-8.062,92.75,21.893,-4.375,-4.375
-11.188,13.5,1.1476,2.438,2.438
-30.75,13.375,-1.423,-5.312,-5.312
-48,36,-0.69231,-3,-3
-11,11,-1,-8,-8
-12,19,-1.1677,-12,-12
-9,17,-0.92903,-7,-7
-40,61,-1.3537,-23,-23
-24,17,-0.87421,-17,-17
-9,6,-0.71127,-8,-8
-52,44,-0.51515,1,1
-0.866,0,-0.85641,-0.861,-0.861
-0.487,0,-0.42753,-0.421,-0.421
-0.218,0.07,0.012941,0.07,0.07
0.153,0.323,0.27251,0.277,0.277
0.701,0.95,0.78145,0.778,0.778
-1.656,0.644,-0.21327,-0.095,-0.095
-0.88,0,-0.60349,-0.605,-0.605
-7,218,36.81,-7,-7
-89.5,18.875,-0.28675,-3.125,-3.125
-64.438,135.25,4.3664,6.438,6.438
-45,39,-0.73469,-14,-14
-9,18,-0.4086,-1,-1
-13,15,-0.71739,-2,-2
-10,15,-0.76667,-2,-2
-37,35,-1.1562,15,15
-13,19,-1.1023,-4,-4
-19,7,-1.0227,-4,-4
-33,24,-1.1489,-26,-26
-0.869,0,-0.86052,-0.849,-0.849
-0.526,0,-0.49283,-0.526,-0.526
-0.228,0.01,-0.043412,-0.029,-0.029
0.04,0.117,0.094558,0.04,0.04
0.736,1.051,0.86902,1.051,1.051
-0.458,0.009,-0.1535,-0.064,-0.064
-0.61,0,-0.46621,-0.403,-0.403
-30.562,87,15.004,-22.562,-22.562
-32.25,15.438,-4.5444,-9.125,-9.125
-10.312,46.688,17.126,7.062,7.062
-57,52,-0.85577,19,19
-13,21,-0.79412,8,8
-11,31,-0.77885,5,5
-11,9,-0.71,5,5
-29,45,-0.28302,3,3
-12,13,-0.26263,-1,-1
-11,6,-0.72632,-4,-4
-37,37,-0.55238,-2,-2
-0.891,0,-0.88233,-0.891,-0.891
-0.474,0,-0.45418,-0.448,-0.448
-0.079,0.013,-0.011267,0.008,0.008
0.079,0.142,0.1188,0.079,0.079
0.743,0.921,0.83724,0.826,0.826
-0.203,0,-0.12389,-0.013,-0.013
-0.604,0,-0.55862,-0.563,-0.563
-16.688,49.312,6.4903,-16.625,-16.625
-10.625,25.688,2.6208,1.75,1.75
-25.75,34.125,11.015,12.812,12.812
-42,50,-0.38947,-25,-25
-12,10,-0.60465,-12,-12
-20,12,-0.98864,-7,-7
-9,18,-0.56044,-5,-5
-36,39,-0.88636,-1,-1
-15,20,-0.5,-2,-2
-9,8,-0.91667,-5,-5
-37,43,-0.24176,-25,-25
-0.88,0,-0.87055,-0.876,-0.876
-0.487,0,-0.43421,-0.416,-0.416
-0.122,0.053,0.023362,0.042,0.042
0.19,0.245,0.22493,0.241,0.241
0.693,0.916,0.80729,0.693,0.693
-0.37,0,-0.15003,-0.083,-0.083
-0.661,0,-0.59243,-0.615,-0.615
-15.125,87.938,17.543,15.125,15.125
-15.625,26.188,4.2371,-0.875,-0.875
-28.312,39,3.8588,-24.375,-24.375
-60,48,-1.1217,-30,-30
-17,21,-0.76577,-13,-13
-14,16,-0.83636,-6,-6
-16,13,-0.79808,-1,-1
-55,51,-0.044643,1,1
-33,38,-0.48598,-3,-3
-9,8,-0.74545,-8,-8
-41,40,-1.3772,-25,-25
-0.877,0,-0.86788,-0.871,-0.871
-0.486,0,-0.43883,-0.444,-0.444
-0.146,0.087,0.048547,0.084,0.084
0.163,0.255,0.21712,0.193,0.193
0.762,0.937,0.81611,0.857,0.857
-0.397,0.039,-0.096541,-0.028,-0.028
-0.658,0,-0.56781,-0.529,-0.529
-9.688,79,16.546,-0.812,-0.812
-24.562,22.562,-0.35752,-8.812,-8.812
-25.188,31.938,7.1591,-4.438,-4.438
-67,47,-0.30921,-12,-12
-20,22,-1.1176,-10,-10
-15,10,-1.2431,-10,-10
-15,15,-1.0815,-3,-3
-44,83,-1.404,-18,-18
-17,25,-0.78169,-3,-3
-10,6,-1.0221,3,3
-40,32,-0.86364,15,15
-0.876,0,-0.866,-0.857,-0.857
-0.509,0,-0.48337,-0.509,-0.509
-0.199,0,-0.049608,-0.034,-0.034
0.072,0.129,0.10169,0.072,0.072
0.705,0.952,0.85039,0.849,0.849
-0.47,0,-0.17451,-0.123,-0.123
-0.591,0,-0.48286,-0.447,-0.447
-18.062,71.562,12.337,-13,-13
-27.562,8.625,-11.016,-6.375,-6.375
-19.625,41.438,13.211,14.5,14.5
-55,62,-0.9898,17,17
-16,11,-1.0465,0,0
-12,34,-1.0206,-1,-1
-11,15,-0.96703,-2,-2
-38,59,-0.87629,5,5
-17,21,-0.88776,-4,-4
-10,15,-1.0455,1,1
-61,52,-0.96907,42,42
-0.903,0,-0.86764,-0.903,-0.903
-0.513,0,-0.44928,-0.415,-0.415
-0.283,0.012,-0.11131,0.012,0.012
0.093,0.183,0.14289,0.107,0.107
0.638,1.013,0.78426,0.793,0.793
-0.816,0,-0.29875,-0.052,-0.052
-0.755,0,-0.52544,-0.591,-0.591
-7.688,54.188,24.744,-7.062,-7.062
-53.938,57.625,-1.2091,0.75,0.75
-43.312,69.062,15.472,7.562,7.562
-41,41,-1.113,-41,-41
-17,18,-0.91589,-16,-16
-12,10,-1.2613,-7,-7
-8,15,-0.95575,-8,-8
-22,32,-0.89189,1,1
-10,8,-0.8,0,0
-11,7,-1.0891,-1,-1
-44,33,-0.58678,-15,-15
-0.885,0,-0.87109,-0.878,-0.878
-0.483,0,-0.42848,-0.429,-0.429
-0.155,0.029,-0.0072031,0.008,0.008
0.166,0.287,0.22905,0.211,0.211
0.631,0.896,0.77428,0.82,0.82
-0.395,0,-0.19586,-0.143,-0.143
-0.719,0,-0.59959,-0.608,-0.608
-23.625,63.688,15.068,-20.375,-20.375
-28,33,2.625,-8.375,-8.375
-48.562,25.438,4.6279,0.812,0.812
-64,49,-0.65323,-19,-19
-14,19,-0.84874,-9,-9
-17,25,-1.1261,-7,-7
-14,13,-0.85088,-7,-7
-38,32,-0.36885,-11,-11
-17,22,-0.61538,-2,-2
-12,8,-0.88136,-4,-4
-71,51,-0.74603,-13,-13
-0.867,0,-0.85832,-0.867,-0.867
-0.478,0,-0.42649,-0.405,-0.405
-0.104,0.076,0.046316,0.063,0.063
0.218,0.302,0.27693,0.281,0.281
0.722,0.885,0.79428,0.767,0.767
-0.419,0,-0.14649,-0.119,-0.119
-0.672,0,-0.60396,-0.648,-0.648
-9.625,103.38,18.861,-3.75,-3.75
-9.688,20.438,3.8604,4.062,4.062
-26.875,27.625,3.7412,2.312,2.312
-40,41,-1.6372,18,18
-22,24,-1.2091,-6,-6
-15,20,-1.3482,-1,-1
-14,23,-1.0556,-1,-1
-72,75,-0.5913,11,11
-28,27,-0.54867,3,3
-18,6,-0.48148,-4,-4
-57,67,-1.4348,11,11
-0.867,0,-0.86361,-0.856,-0.856
-0.514,0,-0.49358,-0.514,-0.514
-0.097,0.036,0.010263,0.018,0.018
0.057,0.126,0.093921,0.057,0.057
0.808,0.978,0.89045,0.901,0.901
-0.326,0.073,-0.059079,0.005,0.005
-0.596,0,-0.49255,-0.427,-0.427
-16.438,84.062,8.666,-14.438,-14.438
-21.812,2.875,-7.0986,-0.188,-0.188
-0.25,52.688,18.773,10.438,10.438
-31,38,-1.0526,-31,-31
-11,15,-0.84722,-2,-2
-11,15,-0.65278,-1,-1
-11,18,-0.75342,1,1
-87,35,-0.86667,-6,-6
-22,14,-1.0263,-2,-2
-12,4,-0.98438,0,0
-22,31,-1,-9,-9
-0.897,0,-0.88635,-0.896,-0.896
-0.47,0,-0.43295,-0.416,-0.416
-0.109,0.035,-0.000625,0.026,0.026
0.145,0.165,0.15722,0.15,0.15
0.75,0.859,0.80798,0.793,0.793
-0.311,0,-0.1279,-0.047,-0.047
-0.677,0,-0.59795,-0.601,-0.601
-11.312,66.562,18.008,-8,-8
-6.562,26.188,5.9876,3.188,3.188
-3.375,22.125,9.5735,1.938,1.938
-40,37,-1.2099,-1,-1
-12,12,-1.0526,-12,-12
-17,24,-0.88312,-17,-17
-15,29,-0.80822,-8,-8
-53,58,-1.8608,-24,-24
-33,36,-1.2763,-7,-7
-7,8,-0.92958,-5,-5
-48,39,-1.7875,-8,-8
-0.883,0,-0.87415,-0.878,-0.878
-0.461,0,-0.4191,-0.412,-0.412
-0.071,0.07,0.044,0.068,0.068
0.219,0.257,0.23776,0.233,0.233
0.706,0.86,0.79688,0.766,0.766
-0.346,0,-0.12,-0.006,-0.006
-0.703,0,-0.62673,-0.636,-0.636
-12.75,94.625,18.622,-6.312,-6.312
-22.375,28.188,3.218,6.25,6.25
-23.75,37,8.1782,4.125,4.125
-62,40,-0.75949,-7,-7
-24,21,-0.70886,-1,-1
-15,15,-1.0385,-10,-10
-11,18,-0.92208,-1,-1
-33,28,-1.1892,2,2
-10,18,-1.0959,10,10
-11,10,-0.90278,-2,-2
-36,43,-0.575,-8,-8
-0.859,0,-0.84566,-0.849,-0.849
-0.526,0,-0.46524,-0.436,-0.436
-0.211,0.097,8.00E-05,0.093,0.093
0.123,0.29,0.22976,0.286,0.286
0.76,0.912,0.82564,0.841,0.841
-0.438,0.018,-0.20048,-0.078,-0.078
-0.617,0,-0.51002,-0.582,-0.582
-10.25,95.188,40.985,-0.25,-0.25
-10.625,16,3.6763,2.188,2.188
-31.188,22.875,1.3675,3.312,3.312
-45,31,-1.7423,-24,-24
-14,22,-1.1263,-13,-13
-22,23,-1.2556,-22,-22
-18,11,-0.89011,-18,-18
-25,41,-0.22581,-10,-10
-13,22,-0.46591,0,0
-13,8,-0.89011,-1,-1
-62,36,-1.0808,-7,-7
-0.872,0,-0.85851,-0.845,-0.845
-0.531,0,-0.48613,-0.53,-0.53
-0.223,0.023,-0.052939,0.011,0.011
0.074,0.18,0.12687,0.074,0.074
0.69,1.032,0.84718,0.814,0.814
-0.642,0.002,-0.20021,-0.044,-0.044
-0.699,0,-0.47506,-0.418,-0.418
-19.875,58.188,14.146,-19.875,-19.875
-38.375,11.438,-11.627,-1.625,-1.625
-38.938,61.562,12.433,-7.312,-7.312
-45,35,-1.0303,-3,-3
-14,10,-1.0492,0,0
-12,9,-1.0909,2,2
-10,14,-0.896,0,0
-36,58,-0.09322,17,17
-14,26,-0.70833,0,0
-11,9,-0.86441,4,4
-42,25,-1.4962,4,4
-0.922,0,-0.89492,-0.919,-0.919
-0.473,0,-0.3984,-0.36,-0.36
-0.254,0,-0.06898,-0.012,-0.012
0.126,0.199,0.1635,0.161,0.161
-0.265,1.417,0.71096,0.661,0.661
-2.39,0.475,-0.23154,-0.093,-0.093
-1.479,0,-0.64744,-0.715,-0.715
-7.438,245.44,29.139,-7.312,-7.312
-143.75,211.81,4.5524,-0.688,-0.688
-184.81,234.81,12.345,-2.5,-2.5
-53,32,-0.27835,13,13
-15,13,-0.74725,0,0
-18,18,-0.90909,-5,-5
-15,14,-1.2717,0,0
-23,56,-1.2022,1,1
-12,30,-1.0233,4,4
-12,16,-0.88372,-2,-2
-42,35,-0.6,-7,-7
-0.886,0,-0.86024,-0.885,-0.885
-0.51,0,-0.44784,-0.418,-0.418
-0.26,0.054,-0.070636,0.054,0.054
0.09,0.25,0.19475,0.2,0.2
0.609,1.656,0.79036,0.783,0.783
-0.951,0.237,-0.27096,-0.063,-0.063
-0.67,0,-0.54275,-0.632,-0.632
-10.188,84.375,28.646,-3.25,-3.25
-57.625,45.875,-2.9348,-4.75,-4.75
-74.875,36.188,7.9747,4.062,4.062
-42,40,-0.15827,5,5
-16,33,-0.69767,9,9
-16,22,-0.91803,12,12
-13,13,-0.88618,10,10
-30,31,-1.096,3,3
-17,14,-0.96,4,4
-10,8,-0.99153,-2,-2
-37,46,-0.27206,-18,-18
-0.865,0,-0.84861,-0.85,-0.85
-0.494,0,-0.46381,-0.475,-0.475
-0.233,0.069,-0.054784,0.038,0.038
0.111,0.26,0.22022,0.225,0.225
0.653,0.946,0.80355,0.893,0.893
-0.719,0,-0.28574,-0.115,-0.115
-0.663,0,-0.51593,-0.512,-0.512
-33.062,57.75,20.297,-33.062,-33.062
-44.125,36.125,-8.2928,10.25,10.25
-50.688,50.938,3.6444,0.375,0.375
-38,46,-0.55714,-27,-27
-11,18,-0.86667,-2,-2
-13,16,-1,2,2
-14,18,-0.74453,7,7
-29,47,-0.9037,-5,-5
-9,19,-0.93651,-5,-5
-10,4,-0.9916,1,1
-50,30,-1.2014,1,1
-0.883,0,-0.87038,-0.856,-0.856
-0.514,0,-0.48391,-0.514,-0.514
-0.129,0,-0.031981,-0.021,-0.021
0.048,0.095,0.077981,0.048,0.048
0.763,0.984,0.86577,0.964,0.964
-0.259,0,-0.11391,-0.077,-0.077
-0.581,0,-0.49364,-0.388,-0.388
-18.25,64.25,7.685,-8.562,-8.562
-21.75,2.688,-8.737,-15.062,-15.062
-18,33.25,8.9787,-2.938,-2.938
-51,35,-0.09434,2,2
-13,9,-0.77778,2,2
-14,17,-0.82857,5,5
-14,14,-0.84848,3,3
-51,49,-1.1442,-17,-17
-17,20,-1.2447,-10,-10
-8,8,-0.87368,1,1
-61,43,-0.15888,4,4
-0.918,0,-0.90261,-0.916,-0.916
-0.455,0,-0.38055,-0.368,-0.368
-0.253,0.007,-0.046642,-0.007,-0.007
0.121,0.201,0.17671,0.158,0.158
0.53,0.856,0.69338,0.683,0.683
-0.431,0,-0.20235,-0.13,-0.13
-0.751,0,-0.67557,-0.701,-0.701
-11.875,92.125,20.566,-4.75,-4.75
-41,40.688,3.5055,-4.75,-4.75
-17.5,30.062,7.0018,-3.375,-3.375
-62,39,-1.5682,-15,-15
-21,13,-0.82258,-11,-11
-19,23,-0.8125,-11,-11
-11,17,-0.92063,-6,-6
-21,24,-0.70968,7,7
-9,6,-0.92857,3,3
-9,7,-0.93805,-1,-1
-31,30,-1.3111,-4,-4
-0.883,0,-0.86933,-0.882,-0.882
-0.49,0,-0.40361,-0.378,-0.378
-0.254,0.055,-0.014097,0.051,0.051
0.133,0.316,0.25831,0.276,0.276
0.609,0.888,0.72644,0.752,0.752
-0.52,0,-0.21069,-0.098,-0.098
-0.732,0,-0.63529,-0.647,-0.647
-12.688,101.56,27.393,-12.688,-12.688
-41.875,40.25,1.3862,-10.125,-10.125
-43.562,34.75,3.0694,5.25,5.25
-73,62,-1.4362,-28,-28
-16,22,-1.2308,22,22
-15,31,-1.2098,12,12
-15,27,-0.96377,0,0
-42,22,-0.87681,-1,-1
-18,13,-0.62857,3,3
-12,7,-0.71538,-1,-1
-55,59,-0.48299,3,3
-0.865,0,-0.85196,-0.858,-0.858
-0.513,0,-0.46258,-0.452,-0.452
-0.267,0.076,-0.10318,0.053,0.053
0.093,0.258,0.18562,0.239,0.239
0.656,0.986,0.7897,0.81,0.81
-0.726,0,-0.33978,-0.121,-0.121
-0.609,0,-0.49529,-0.546,-0.546
-32.875,51.25,15.227,-14.812,-14.812
-60.188,37.938,-4.4891,-8.5,-8.5
-54.188,56.25,2.7833,-0.438,-0.438
-47,33,-0.87391,-36,-36
-18,22,-0.82212,4,4
-21,24,-0.94977,2,2
-12,13,-0.91204,7,7
-22,28,-0.84615,3,3
-13,5,-1.0211,-5,-5
-7,4,-0.875,-4,-4
-49,33,-1.1299,-28,-28
-0.89,0,-0.87962,-0.89,-0.89
-0.471,0,-0.4438,-0.43,-0.43
-0.16,0.058,0.0048667,0.05,0.05
0.124,0.174,0.15862,0.142,0.142
0.735,0.89,0.81382,0.744,0.744
-0.38,0.003,-0.12591,-0.052,-0.052
-0.64,0,-0.57422,-0.594,-0.594
-22.938,83.938,24.693,-21.75,-21.75
-13.688,22.25,2.4847,3.938,3.938
-4.5,22.688,11.213,5.25,5.25
-37,51,-0.14607,-27,-27
-25,12,-0.58228,5,5
-18,16,-0.69412,-1,-1
-15,9,-0.90909,-8,-8
-71,39,-1.3,-5,-5
-19,19,-1.1341,-4,-4
-8,9,-0.71605,-4,-4
-37,41,-0.19101,-10,-10
-0.896,0,-0.87255,-0.892,-0.892
-0.546,0,-0.47867,-0.446,-0.446
-0.146,0.014,-0.048776,-0.002,-0.002
0.012,0.148,0.058949,0.081,0.081
0.612,1.179,0.85442,0.737,0.737
-0.295,0.039,-0.13088,-0.033,-0.033
-0.674,0,-0.4944,-0.647,-0.647
-18.562,34.812,4.2384,-18.562,-18.562
-36.688,109.75,-0.97154,23.938,23.938
-56.25,36.312,2.3197,3.125,3.125
-61,76,-0.97068,-6,-6
-19,28,-0.9527,2,2
-20,31,-1.0228,-2,-2
-26,17,-0.88693,0,0
-71,105,-1.0199,1,1
-29,43,-0.9589,1,1
-11,10,-0.8566,3,3
-85,50,-1.0131,1,1
-0.882,0,-0.86333,-0.88,-0.88
-0.508,0,-0.45202,-0.411,-0.411
-0.236,0.027,-0.084017,0.025,0.025
0.107,0.277,0.18066,0.237,0.237
0.687,1.358,0.7882,0.725,0.725
-0.499,0,-0.297,-0.142,-0.142
-0.651,0,-0.53093,-0.613,-0.613
-13.938,53.875,13.559,0.812,0.812
-41.438,46.188,-0.022207,-2.062,-2.062
-39.875,39.688,1.8073,-1.75,-1.75
-47,48,-1.3562,-23,-23
-19,17,-1.0459,-3,-3
-20,22,-1.0043,1,1
-11,17,-0.86207,0,0
-44,43,-1.0723,-5,-5
-23,20,-0.9292,-9,-9
-15,5,-0.94286,1,1
-36,46,-1.0823,-1,-1
-0.862,0,-0.84827,-0.859,-0.859
-0.513,0,-0.47372,-0.443,-0.443
-0.263,0.103,-0.058296,0.088,0.088
0.091,0.24,0.18023,0.24,0.24
0.72,0.956,0.82499,0.775,0.775
-0.569,0,-0.25286,-0.071,-0.071
-0.601,0,-0.47821,-0.546,-0.546
-15.375,72.75,29.836,4.062,4.062
-47.188,37.188,-3.8205,22.938,22.938
-47.312,52.562,5.566,-25.188,-25.188
-59,42,-1.3669,-18,-18
-21,11,-1.1212,-10,-10
-16,17,-0.96,-4,-4
-11,18,-1.0732,-1,-1
-46,34,-0.75735,34,34
-14,19,-1.0388,11,11
-11,6,-0.86777,-2,-2
-32,37,-0.59155,-2,-2
-0.882,0,-0.87468,-0.862,-0.862
-0.505,0,-0.47494,-0.505,-0.505
-0.167,0,-0.042645,-0.021,-0.021
0.036,0.107,0.077096,0.036,0.036
0.712,0.976,0.8513,0.924,0.924
-0.335,0,-0.13316,-0.064,-0.064
-0.583,0,-0.50384,-0.432,-0.432
-17.25,53.812,4.95,-7.375,-7.375
-21.375,21.938,-3.9733,-11.812,-11.812
-20.812,26.625,4.8065,-10.312,-10.312
-63,45,-1.1404,31,31
-28,35,-1.0744,3,3
-16,32,-1.1382,-2,-2
-15,25,-0.91262,-4,-4
-35,38,-0.79439,-8,-8
-17,23,-0.95833,-8,-8
-9,5,-0.88889,-7,-7
-83,70,-0.74783,4,4
-0.918,0,-0.89937,-0.916,-0.916
-0.46,0,-0.41237,-0.391,-0.391
-0.18,0.007,-0.037885,-0.004,-0.004
0.095,0.151,0.12442,0.095,0.095
0.649,0.859,0.76052,0.769,0.769
-0.311,0,-0.15556,-0.06,-0.06
-0.729,0,-0.62738,-0.666,-0.666
-19,68,16.987,-14.125,-14.125
-25.5,37.25,6.7776,-25.5,-25.5
-20.125,32.562,13.347,13.938,13.938
-47,48,-0.076923,20,20
-18,17,-0.81818,9,9
-14,15,-0.76768,8,8
-14,12,-0.65625,4,4
-50,63,-0.80412,24,24
-31,23,-0.92632,0,0
-7,8,-0.80435,1,1
-37,33,-0.14851,10,10
-0.886,0,-0.87867,-0.881,-0.881
-0.473,0,-0.41214,-0.407,-0.407
-0.167,0.076,0.015157,0.061,0.061
0.164,0.266,0.22725,0.233,0.233
0.671,0.874,0.77061,0.761,0.761
-0.438,0,-0.14963,-0.06,-0.06
-0.709,0,-0.62859,-0.619,-0.619
-37.625,87.812,26.712,-37.625,-37.625
-14.312,20.625,2.8259,-9,-9
-51.125,28.875,5.2549,5.062,5.062
-58,67,-0.91753,-26,-26
-26,27,-0.80208,-10,-10
-18,19,-0.85714,-3,-3
-14,15,-0.86022,-10,-10
-28,26,-1.4043,-20,-20
-12,12,-1.0814,-1,-1
-9,6,-0.78889,-1,-1
-53,43,-1.3689,10,10
-0.879,0,-0.87098,-0.876,-0.876
-0.462,0,-0.39037,-0.399,-0.399
-0.176,0.09,0.036527,0.086,0.086
0.208,0.314,0.28685,0.258,0.258
0.666,0.845,0.73457,0.845,0.845
-0.457,0,-0.15168,-0.033,-0.033
-0.742,0,-0.65601,-0.662,-0.662
-17.188,83.875,16.128,-16.75,-16.75
-30.438,21.688,-0.57559,-1.562,-1.562
-13.438,22.188,4.9162,1.438,1.438
-52,31,-1.4913,-52,-52
-16,25,-0.85799,4,4
-19,22,-1.0178,1,1
-14,16,-0.91228,3,3
-30,40,-1.0195,0,0
-13,19,-0.99351,2,2
-8,9,-0.94667,3,3
-39,41,-1.1214,-4,-4
-0.87,0,-0.86294,-0.849,-0.849
-0.524,0,-0.48781,-0.524,-0.524
-0.181,0.058,0.0005,0.014,0.014
0.07,0.128,0.11416,0.07,0.07
0.732,0.97,0.86761,0.951,0.951
-0.407,0.038,-0.098148,-0.042,-0.042
-0.585,0,-0.47565,-0.346,-0.346
-34.938,76.375,13.262,-1.938,-1.938
-23.188,8.562,-7.863,-13.938,-13.938
-10.875,33.812,11.724,-3.688,-3.688
-34,42,-0.45833,13,13
-17,15,-1.1852,0,0
-15,16,-1.2857,4,4
-13,18,-0.97458,-2,-2
-41,31,-0.98319,-3,-3
-12,10,-0.82727,5,5
-6,9,-0.75472,-3,-3
-24,45,-0.62295,-14,-14
-0.912,0,-0.89444,-0.91,-0.91
-0.459,0,-0.41432,-0.407,-0.407
-0.171,0.039,-0.011361,0.017,0.017
0.08,0.2,0.15168,0.081,0.081
0.654,0.881,0.76653,0.74,0.74
-0.396,0.069,-0.13907,-0.054,-0.054
-0.737,0,-0.61689,-0.627,-0.627
-15.375,60.812,11.149,-12.75,-12.75
-23.875,21.938,2.197,-1.188,-1.188
-15.375,46,12.407,-13.438,-13.438
-50,58,-0.76224,14,14
-25,30,-1.0071,-6,-6
-17,42,-0.86131,-3,-3
-12,16,-0.7029,-4,-4
-49,41,-0.95035,-6,-6
-25,18,-0.87313,-4,-4
-11,5,-0.84962,-1,-1
-22,22,-0.78169,-13,-13
-0.872,0,-0.86574,-0.864,-0.864
-0.466,0,-0.43098,-0.439,-0.439
-0.093,0.098,0.05454,0.059,0.059
0.22,0.26,0.24358,0.242,0.242
0.729,0.894,0.81,0.859,0.859
-0.33,0.067,-0.10164,-0.116,-0.116
-0.663,0,-0.5935,-0.551,-0.551
-25.562,91.438,16.906,5.062,5.062
-19.188,17.688,-0.66584,0,0
-24.188,37.5,6.5087,-24.188,-24.188
-55,56,-0.18447,-22,-22
-24,27,-0.89888,-2,-2
-15,44,-1.101,-2,-2
-14,27,-0.66316,-1,-1
-38,49,-0.31633,5,5
-39,27,-1.0104,-20,-20
-7,8,-0.91579,-5,-5
-39,42,-0.43137,7,7
-0.875,0,-0.86037,-0.873,-0.873
-0.486,0,-0.4316,-0.41,-0.41
-0.173,0.098,0.042262,0.093,0.093
0.167,0.303,0.25518,0.247,0.247
0.718,0.96,0.80462,0.744,0.744
-0.419,0.011,-0.14151,-0.083,-0.083
-0.671,0,-0.58535,-0.573,-0.573
-14.062,111.94,24.989,10.25,10.25
-23,31.812,1.6145,13.812,13.812
-34.688,42.688,5.8366,-11.312,-11.312
-79,42,-1.0462,-6,-6
-19,12,-1.0909,4,4
-18,18,-1.1429,4,4
-16,13,-0.92174,0,0
-37,59,-0.86066,7,7
-17,16,-0.87611,7,7
-10,5,-0.94444,0,0
-25,30,-0.94656,-11,-11
-0.882,0,-0.87343,-0.866,-0.866
-0.494,0,-0.46426,-0.494,-0.494
-0.25,0,-0.0632,-0.026,-0.026
0.081,0.143,0.11024,0.081,0.081
0.694,0.952,0.82416,0.865,0.865
-0.517,0,-0.20003,-0.062,-0.062
-0.604,0,-0.51239,-0.471,-0.471
-15,67.438,14.436,-12,-12
-26.75,7.562,-8.4929,-13.5,-13.5
-15.438,38.562,9.8857,-5.562,-5.562
-49,57,-0.91429,-7,-7
-15,13,-0.82946,11,11
-17,22,-0.99213,6,6
-12,15,-0.952,3,3
-31,39,-1.0945,12,12
-17,25,-1.024,-1,-1
-14,20,-1.0593,3,3
-36,36,-1.5926,15,15
-0.928,0,-0.88552,-0.926,-0.926
-0.489,0,-0.43798,-0.364,-0.364
-0.237,0.035,-0.07447,0.013,0.013
0.064,0.165,0.096201,0.101,0.101
0.069,1.346,0.78372,0.629,0.629
-1.753,1.14,-0.20795,-0.036,-0.036
-0.754,0,-0.55524,-0.691,-0.691
-71.125,70.5,7.7771,-4.812,-4.812
-59.75,138.31,3.0211,-1.75,-1.75
-260.69,196,3.9143,-14.188,-14.188
-87,59,-0.7541,-87,-87
-21,15,-0.87086,1,1
-15,22,-0.90066,7,7
-17,16,-0.77441,15,15
-34,32,-0.96875,5,5
-13,22,-0.91489,5,5
-30,43,-0.88929,-4,-4
-57,47,-0.92038,-57,-57
-0.896,0,-0.86845,-0.894,-0.894
-0.485,0,-0.41779,-0.375,-0.375
-0.244,0.075,-0.069645,0.064,0.064
0.146,0.29,0.22455,0.238,0.238
0.617,1.146,0.73371,0.804,0.804
-0.811,0.014,-0.29172,-0.015,-0.015
-0.746,0,-0.58779,-0.657,-0.657
-10.188,64.875,14.885,-2.375,-2.375
-41.438,55.75,-1.344,-4.188,-4.188
-47.125,39.875,4.6581,0.875,0.875
-86,53,-0.78541,1,1
-18,23,-1.1226,-10,-10
-17,14,-1.0596,-5,-5
-14,21,-0.92991,-4,-4
-32,63,-0.9447,-16,-16
-24,37,-0.87081,-8,-8
-14,11,-0.94608,-1,-1
-43,51,-0.61207,-7,-7