1.0098,3.0233,2.756,0.72932
0.5907,1.799,1.6135,0.46371
0.2934,0.97015,0.83094,0.26831
0.19504,0.69609,0.56749,0.196
0.86432,3.3903,3.0107,0.81426
-0.57405,-0.86987,-0.76065,-0.31198
-0.82732,-1.1775,-1.1872,-0.23158
-36.958,2.777,49.538,28.956
-74.885,-9.7583,30.938,7.8345
-35.32,-15.562,-26.594,-13.981
-104.24,-6.7751,39.233,28.352
-62.098,-10.119,10.071,-6.3905
-32.933,4.3308,-8.6984,11.231
-89.416,13.05,14.94,37.041
-134.95,18.176,-11.636,84.475
-56.84,1.0874,-2.6573,7.088
-37.694,-4.8688,-6.1602,-1.9663
-55.457,-10.383,-5.4263,22.033
1.016,3.0453,2.7133,0.76437
0.5676,1.6821,1.5217,0.4171
0.32316,1.0295,0.98735,0.23744
0.25253,0.79001,0.746,0.20256
0.8335,3.3169,2.9993,0.84835
-0.53555,-0.95764,-0.87162,-0.22683
-0.75875,-1.3541,-1.1953,-0.36558
-28.101,-46.968,-30.921,-24.014
-43.417,-5.2555,-11.592,-16.222
-19.107,9.9073,-5.1835,7.4754
-146.79,31.864,-23.852,-3.8191
-56.211,14.328,-9.2123,11.397
-50.118,10.004,11.173,14.323
-19.801,-0.59237,4.5823,5.2025
-26.207,-0.89699,-5.0994,1.4905
-45.049,-5.5643,-1.9305,2.2129
-29.022,-0.25436,-5.4992,5.5981
-142.85,-3.493,-5.2479,56.186
1.0174,4.0846,1.4253,-0.39117
0.75138,3.0942,1.2241,-0.21234
0.34191,1.4372,0.6327,-0.085914
0.28403,1.1781,0.42144,-0.074967
1.248,5.3166,1.9687,-0.42681
-0.39358,-0.63314,-0.3962,0.12944
-0.47772,-0.88876,-0.03199,0.21925
-28.979,-51.02,8.2718,12.198
-74.674,-77.634,9.3431,13.234
-35.449,18.644,-34.576,-23.181
-117.35,16.496,-4.0854,-30.283
-35.702,-2.0149,-11.066,-4.7899
-28.743,6.4966,-2.4776,0.86059
-18.348,-1.087,-4.3023,6.4442
-46.402,2.6877,2.4877,12.788
-24.795,0.77514,-1.9031,10.087
-20.055,-1.3539,-7.1233,6.706
-65.909,13.125,-22.708,33.527
1.0684,4.1929,1.8109,0.097097
0.69925,2.7485,1.2996,0.099557
0.24687,1.0574,0.57112,0.062737
0.15516,0.76693,0.26267,0.027251
1.0385,4.9142,2.1281,0.14839
-0.61958,-0.87251,-0.59779,-0.092109
-0.70093,-1.5335,-0.42806,0.13557
-52.252,-11.886,28.532,-48.848
-82.386,-53.162,9.2472,-42.205
-57.9,-26.992,-23.291,-38.149
-116.67,12.867,-2.6828,7.7597
-42.425,2.8754,-0.23208,-4.4183
-45.546,4.8578,2.9575,-10.631
-21.012,-3.2659,-4.9649,-1.1932
-49.434,-3.4511,-6.8602,-3.0584
-55.315,-6.2605,-11.479,-1.5359
-23.223,-6.3593,-0.057153,-2.2778
-49.182,-7.0836,7.4269,-1.0369
1.3366,4.348,1.5369,-0.53224
0.74877,2.7028,1.0254,-0.27887
0.34448,1.2973,0.5398,-0.15532
0.18667,0.69121,0.25975,-0.062722
1.3329,4.9105,1.7379,-0.5634
-0.78398,-1.3913,-0.35078,0.29193
-0.82491,-1.6355,-0.46189,0.28519
-30.865,-28.047,-8.9624,-21.943
-45.683,-30.869,17.308,-1.5898
-30.028,16.526,-17.415,-36.951
-117.89,-13.524,-8.4806,-9.0485
-31.501,0.76348,-1.9951,-1.6956
-38.571,4.7579,-7.1065,6.1359
-19.593,-3.2639,-6.3313,2.3059
-40.489,-4.9335,-3.8282,-0.38036
-71.201,2.8894,10.869,5.1306
-26.609,4.975,-4.9612,4.2633
-91.652,-0.36268,-13.356,-5.4883
1.2193,4.4703,1.6721,-0.59836
0.70346,2.5731,1.0132,-0.31838
0.40141,1.4915,0.62131,-0.20925
0.18366,0.74991,0.36181,-0.085001
1.1998,4.858,1.7848,-0.67687
-0.73426,-1.7497,-0.58214,0.2365
-0.77255,-1.8372,-0.55808,0.25216
-32.057,-30.902,-37.215,-22.936
-31.836,-20.275,-9.0388,4.274
-23.589,29.411,5.05,-9.1825
-137,3.6027,-1.0608,6.6571
-28.181,2.2063,-3.6347,6.5954
-25.57,1.5018,2.7859,2.0513
-15.585,0.35387,-4.9296,4.9316
-25.079,-2.265,0.20082,1.5614
-46.389,2.164,16.112,-19.804
-26.867,-4.2138,3.8622,4.4084
-101.56,5.1763,30.892,32.832
1.0682,4.0612,1.4447,-0.53117
0.78868,3.0101,1.2157,-0.33549
0.38323,1.4773,0.64599,-0.16515
0.31446,1.3281,0.55175,-0.10714
1.3406,5.3542,2.0635,-0.631
-0.38948,-0.63502,-0.21864,0.21397
-0.49634,-0.93427,-0.079549,0.20434
-34.104,-61.062,-2.4612,9.8728
-44.693,-61.578,-10.083,-11.183
-22.256,51.602,-18.446,-29.744
-128.66,18.404,-7.5599,-24.799
-33.204,6.0191,-8.038,-1.4065
-27.688,4.8339,-6.5515,1.9416
-17.577,0.372,-3.4093,-2.0536
-48.23,4.8491,8.8277,-21.36
-67.876,2.0794,-9.3875,3.3868
-23.928,0.30103,-7.1361,-4.703
-77.554,-1.26,-7.0726,-9.9862
1.0059,3.5191,2.183,0.68089
0.71666,2.508,1.6179,0.49974
0.20473,0.78551,0.55015,0.16616
0.14665,0.55781,0.32735,0.10831
1.0785,4.2959,2.7348,0.8574
-0.39247,-0.56373,-0.46894,-0.129
-0.53173,-1.0744,-0.5187,-0.1677
-29.846,-21.229,4.8689,-12.769
-61.856,-31.251,16.288,-34.585
-27.827,-21.649,5.177,-11.832
-143.01,-12.116,49.947,49.567
-41.143,-8.0155,-3.8237,13.684
-31.063,-3.2671,1.445,11.278
-13.799,-1.8502,-3.302,5.1101
-26.438,-10.078,-16.644,8.9527
-56.215,-12.04,-0.81008,-16.879
-15.614,-2.9972,-1.4746,-2.3323
-55.483,-5.7662,9.4899,1.4992
1.1506,4.3687,1.7994,-0.036959
0.70138,2.674,1.1564,-0.030631
0.29688,1.1489,0.50735,-0.025274
0.10051,0.48804,0.18005,0.0081333
1.1729,4.8475,2.0296,0.0064875
-0.59102,-1.4357,-0.55683,-0.0015255
-0.72632,-1.7445,-0.58623,-0.027051
-18.989,-1.8261,0.43909,-22.95
-40.025,-19.943,-39.195,0.98669
-32.215,-13.997,-34.83,13.027
-91.479,10.353,28.805,-27.107
-30.237,1.0048,12.188,-7.0528
-34.555,4.3984,0.098562,-5.3001
-13.64,-0.20553,0.58425,-4.4137
-25.342,-0.39298,-0.48299,-2.4469
-58.569,3.1193,7.4053,-8.1888
-31.874,-1.7763,-5.2004,0.018161
-58.366,18.761,11.258,-7.6226
1.1269,4.3327,1.687,-0.18312
0.69053,2.6369,1.0956,-0.088742
0.32741,1.3365,0.64446,-0.04945
0.19997,0.84364,0.3581,0.00039018
1.1024,4.9331,1.9726,-0.26568
-0.57631,-1.3098,-0.57005,0.1408
-0.70101,-1.6802,-0.53299,0.11418
-30.189,-58.063,-11.042,-12.292
-45.528,-33.324,-11.034,-4.3415
-25.652,14.07,-29.686,-23.966
-177.78,55.902,40.726,17.725
-40.486,7.078,12.052,5.4006
-36.96,2.4754,4.8373,13.984
-15.765,-3.9194,1.7098,4.1429
-21.767,-2.6745,0.5041,4.9712
-71.508,6.1027,-6.1955,5.2816
-31.917,2.8975,5.3098,1.3644
-129.6,22.517,22.862,-16.316
1.1729,4.3363,1.6256,-0.54835
0.7406,2.8865,1.1297,-0.31581
0.29647,1.1759,0.46172,-0.126
0.22974,0.98661,0.37146,-0.11762
1.272,5.1747,1.9251,-0.58485
-0.44897,-0.66636,-0.3519,0.058465
-0.75625,-1.4747,-0.5197,0.23497
-37.01,-18.593,-1.8938,41.517
-62.842,-41.759,12.779,60.36
-23.687,22.13,0.70213,-27.448
-67.831,-4.5282,16.251,-9.0197
-37.593,5.3059,-4.3997,3.981
-35.236,1.0714,-0.7108,7.9047
-19.183,-2.5006,-0.44703,2.7826
-36.767,-3.6048,0.85066,-2.3073
-59.878,-7.5139,11.884,-1.4467
-17.401,-6.2933,-2.0543,0.20337
-59.779,-4.9514,24.188,8.7517
1.1617,4.4168,1.8181,-0.071129
0.71695,2.7807,1.2015,0.011336
0.18011,0.74272,0.35368,0.01796
0.0011654,0.08824,0.0010857,-0.012415
1.1936,4.873,2.0227,-0.025809
-0.50938,-1.0837,-0.51024,-0.059894
-0.80432,-1.8207,-0.64724,0.17047
-31.39,-16.744,2.8898,1.6365
-57.356,-48.939,30.915,5.8453
-21.843,-25.465,5.9102,-6.9289
-95.972,17.317,28.225,-5.0423
-34.634,1.1834,1.3062,7.4346
-38.99,1.5234,-7.9431,11.706
-17.514,-3.0747,-0.90709,2.491
-33.074,-2.4817,-4.8488,7.2929
-70.574,7.3132,5.2983,-0.23465
-15.173,-3.4685,-2.7352,6.0982
-52.679,7.9026,11.972,-8.5733
1.1319,4.3226,2.0312,0.32194
0.63028,2.45,1.2366,0.16541
0.19533,0.76657,0.36093,0.053262
0.014731,0.1347,0.037771,-0.0074592
0.97792,4.423,2.1672,0.31747
-0.52294,-1.2242,-0.49843,-0.075449
-0.95015,-2.0777,-0.87741,-0.23989
-21.64,9.016,-20.881,-3.6025
-55.646,-22.887,-39.977,-21.068
-29.185,-9.1804,31.445,-18.181
-49.151,-1.4221,-7.7129,1.5499
-34.295,0.82539,5.9207,-0.56975
-39.187,3.5818,0.97835,6.1565
-17.335,-0.73885,-2.6888,-0.55541
-22.544,-1.8977,-11.929,2.4055
-65.629,0.44577,-13.539,13.531
-55.243,-6.3077,-13.936,13.641
-68.259,-0.83365,3.9178,0.010498
1.0478,2.7449,2.9563,0.85134
0.57891,1.529,1.6528,0.47391
0.25151,0.67085,0.73548,0.20579
0.11892,0.34147,0.37836,0.10069
0.80854,2.9049,3.0949,0.87142
-0.52763,-0.80699,-0.84793,-0.29274
-0.80162,-1.2173,-1.4281,-0.41984
-19.812,-17.973,-13.73,-5.5168
-60.042,0.14526,2.4839,-6.6674
-20.171,9.8013,14.136,-10.939
-67.723,21.082,15.454,-8.1589
-36.728,-1.4073,-0.9941,12.019
-33.056,0.05097,3.1111,9.5027
-16.204,-1.5746,-1.7941,3.3259
-28.836,-0.58063,-7.5036,2.1197
-68.393,-0.72132,2.3505,17.644
-30.626,-4.0205,6.4541,0.73193
-140.1,25.956,24.894,4.3927
1.007,3.5499,2.1781,0.70123
0.68408,2.4287,1.6026,0.47027
0.2189,0.78833,0.53561,0.14536
0.19504,0.6967,0.44376,0.14159
1.052,4.2885,2.6563,0.86666
-0.25004,-0.4301,-0.28231,-0.066369
-0.56498,-1.2003,-0.55901,-0.30254
-21.695,-15.272,-9.3021,-14.736
-53.263,-57.65,-42.202,-12.49
-24.906,20.042,-21.746,0.70363
-95.961,8.0603,-18.393,4.3038
-35.81,3.6968,0.93828,-3.9647
-37.725,-4.149,6.7441,-2.3544
-15.811,-4.8775,3.1874,-0.22802
-24.612,-2.6979,0.80868,1.055
-71.309,-11.047,12.95,14.898
-35.732,-5.3468,-0.7135,2.7571
-73.006,-2.706,-8.7634,10.73
1.1241,3.0408,2.9534,0.93887
0.57535,1.5946,1.619,0.46754
0.13472,0.38756,0.38954,0.10537
-0.023413,-0.033676,-0.038236,-0.0076191
0.89091,2.8805,2.9108,0.80428
-0.45374,-0.67326,-0.68509,-0.19395
-0.96641,-1.6399,-1.5856,-0.60728
-19.515,8.5217,-13.359,-5.4497
-42.483,-30.715,-36.283,-23.45
-13.989,7.8092,-12.507,4.369
-116.52,6.1659,-13.039,6.8719
-43.231,-8.2348,-7.4373,-4.2901
-30.925,-4.3765,-5.4712,4.5622
-18.511,-0.80348,-1.3369,0.33035
-42.579,9.1397,-2.1318,-15.228
-66.78,-4.5577,-17.34,-18.736
-21.828,-2.9907,4.8971,4.9359
-71.756,-12.163,6.7502,-6.5846
1.1788,4.5029,1.9961,0.13725
0.62804,2.4209,1.1113,0.067378
0.18478,0.82887,0.34514,-0.012259
-0.033662,0.011795,-0.051779,0.011682
0.99183,4.4262,1.9505,0.11927
-0.62088,-1.4624,-0.55111,0.0071303
-0.96682,-2.3262,-0.95345,-0.15443
-32.005,43.642,-21.008,-8.2258
-38.435,-6.2754,-0.93407,-24.219
-52.91,19.66,-37.563,-41.361
-96.765,34.123,18.161,-42.354
-47.705,4.137,10.306,-14.747
-38.545,-4.3731,4.8503,-9.0539
-24.731,-5.4822,-1.1432,-0.47268
-39.133,-2.7175,6.3898,0.65503
-114.96,12.401,13.446,-3.9098
-40.484,3.5583,9.7651,-8.1312
-114.96,53.182,48.597,-52.49
1.2282,4.721,1.7185,-0.39961
0.62632,2.4393,0.93198,-0.21035
0.27535,1.1099,0.44875,-0.072446
0.046419,0.40273,0.2539,0.038625
1.0912,4.6492,1.7062,-0.41348
-0.6541,-1.5566,-0.31537,0.29138
-0.97885,-2.4148,-0.82473,0.21696
-44.423,-51.013,46.531,-19.887
-45.207,3.6754,-41.761,-19.17
-17.966,57.131,-16.102,3.9214
-98.179,-0.33958,8.6356,-45.617
-39.517,4.9934,15.08,-14.48
-27.067,8.373,9.9881,-10.594
-14.839,1.0024,2.4195,-4.7607
-45.153,0.11197,-3.2604,4.3469
-75.819,-1.9813,-3.4118,24.013
-18.852,-3.7226,-2.2065,3.7921
-89.411,2.8009,-3.5592,26.616
1.2138,4.3925,1.5825,-0.52192
0.79323,2.961,1.1635,-0.37936
0.19829,0.81505,0.38288,-0.084602
0.15169,0.61392,0.30555,-0.042048
1.3607,5.0863,1.9747,-0.67291
-0.31554,-0.61006,-0.086993,0.028508
-0.76741,-1.583,-0.37408,0.17805
-41.535,-45.647,-6.4454,-24.423
-61.093,-2.7306,-57.403,-30.352
-36.658,18.227,5.3195,22.777
-117.13,-7.3965,-44.227,-21.285
-65.673,0.12833,-7.5133,6.8832
-47.05,8.82,-13.19,5.3688
-20.136,2.0804,-2.1497,-2.6325
-30.118,2.8728,-2.3732,-4.8978
-62.833,-2.7944,-18.344,14.81
-38.017,0.16869,-1.8827,-2.8592
-114.5,5.053,-29.528,6.5168
1.1599,4.4837,1.9583,0.13126
0.64626,2.5427,1.2128,0.07651
0.094514,0.4958,0.19561,-0.025093
-0.065395,-0.13986,-0.091034,-0.012444
1.0506,4.5482,2.1469,0.082619
-0.41702,-0.99946,-0.35518,0.020762
-0.92785,-2.3132,-0.80762,-0.080995
-33.287,61.912,-40.884,-39.314
-61.033,-41.414,-20.807,-20.599
-18.87,10.87,-4.5537,-20.817
-99.225,21.803,61.821,-4.064
-30.311,-0.65817,2.949,-4.0629
-27.348,1.1025,6.0365,-9.8333
-16.092,-2.1245,-0.19792,-0.67328
-32.526,0.49415,-0.34744,-4.231
-50.853,-5.5794,-5.5885,-20.843
-15.021,-0.7979,-3.038,-2.1224
-58.737,1.2004,-17.935,6.2396
1.2061,4.5865,1.8854,-0.040589
0.64682,2.4862,1.104,-0.024594
0.17781,0.75995,0.29518,-0.020252
-0.088242,-0.023067,-0.080821,0.071659
0.91952,4.5174,1.8943,-0.064633
-0.60937,-1.3556,-0.37108,0.1521
-1.0124,-2.3555,-0.88499,0.050937
-18.596,17.135,52.649,-22.833
-73.496,-20.942,-46.504,-22.05
-52.962,30.918,-79.941,-36.1
-78.36,9.4141,11.213,-33.905
-32.225,-4.6251,2.1052,1.8846
-30.416,0.97142,1.5522,-0.76006
-14.827,-0.63364,-3.3312,3.2171
-29.891,-1.0507,-2.4233,3.6438
-62.624,2.8312,-11.354,10.135
-31.764,-4.6837,4.5893,-2.7013
-144.02,25.214,34.908,11.648
1.2148,4.6271,1.7577,-0.31531
0.66389,2.576,1.0024,-0.19467
0.21519,0.90409,0.38793,-0.035598
-0.0086042,0.073288,0.063611,0.038996
1.0835,4.6907,1.8346,-0.39429
-0.62083,-1.4772,-0.49891,0.16341
-0.97187,-2.2077,-0.76982,0.20438
-38.351,-48.885,37.16,3.3978
-35.219,12.855,-45.741,-26.216
-18.169,16.036,-3.8092,1.2
-94.206,30.093,-17.525,42.646
-35.261,0.035517,-3.7966,6.7063
-32.693,-1.0628,-0.68206,6.1909
-21.427,-3.7367,-1.7751,1.3707
-39.233,2.0814,2.7404,0.82508
-44.92,-8.2255,3.48,-2.25
-12.039,-0.54969,4.9842,-3.2513
-90.96,18.473,13.748,-11.418
1.0394,4.2217,1.7398,0.088663
0.71397,2.9093,1.4685,0.12345
0.14189,0.63128,0.36364,0.01449
0.033094,0.39881,0.30065,0.079532
1.158,5.0046,2.2593,0.076214
-0.40381,-0.52697,0.0024513,0.21513
-0.68485,-1.4946,-0.19104,0.13762
-47.751,-70.188,2.6776,-27.307
-74.661,-109.34,-37.521,-34.787
-25.827,110.37,-45.683,-31.036
-157.85,-12.147,11.893,-49.367
-38.529,0.98713,4.8296,-15.562
-29.686,-1.3536,-2.942,-9.9424
-14.537,-3.5169,-2.8676,-0.24829
-28.708,-0.37961,-4.3408,8.6319
-64.883,3.6733,-5.9279,5.8607
-22.448,1.7533,2.2789,-4.0633
-52.088,19.216,-1.6389,12.749
1.2064,4.7378,1.6849,-0.40561
0.62086,2.6072,1.0941,-0.1874
0.058938,0.42371,0.12463,-0.087802
-0.19187,-0.47504,-0.21077,0.022709
1.0889,4.6555,1.8221,-0.38868
-0.50578,-1.1855,-0.2961,0.11215
-1.0293,-2.5978,-0.72273,0.32228
-30.851,50.019,-39.548,-48.169
-49.976,-73.037,-14.344,-0.014056
-17.535,0.13937,-11.876,-13.181
-64.239,9.6403,-34.868,34.128
-30.308,-2.0351,-2.6865,-1.1158
-23.43,-1.6137,-0.23384,0.36102
-20.681,-5.0223,-0.83485,0.22437
-58.015,0.58529,2.1094,-0.9606
-64.738,6.9836,-6.6202,0.12116
-15.316,-2.6847,-1.7742,1.4237
-62.031,-6.7488,1.4228,-6.3457
1.1172,3.3896,2.6857,0.78313
0.63157,1.9297,1.5583,0.43541
0.13775,0.4558,0.36541,0.08916
-0.092279,-0.16045,-0.10867,-0.015108
1.0073,3.4377,2.7097,0.79103
-0.52731,-0.9621,-0.60267,-0.26043
-0.88482,-1.6465,-1.289,-0.40745
-27.858,-1.6627,-9.0707,-17.139
-44.82,-8.6624,-31.725,4.0841
-39.074,27.234,-44.019,27.439
-117.27,31.741,-49.458,-5.9214
-30.743,-1.4561,1.8364,2.4683
-28.386,-4.1851,-0.22924,0.092831
-15.028,-3.0176,-1.5552,0.30333
-17.433,-2.8516,-3.3943,-0.54499
-45.697,2.1547,-10.218,-4.6274
-23.624,-0.73904,-3.6583,8.9322
-84.717,10.659,-3.4221,29.61
1.0737,3.501,2.4688,0.73253
0.66004,2.2111,1.5417,0.42436
0.14027,0.536,0.44264,0.091601
-0.099108,-0.16306,0.052457,-0.060612
1.0659,3.9142,2.7127,0.78254
-0.61834,-1.1309,-0.55044,-0.42844
-0.75073,-1.4597,-0.98784,-0.31048
-61.82,-48.346,-66.968,-51.528
-49.754,43.986,-24.801,9.2415
-19.239,38.622,44.232,34.678
-91.217,16.622,-52.924,66.378
-73.395,19.996,-3.4684,8.2416
-41.453,12.388,-3.8101,5.6813
-17.217,-5.2752,2.8926,3.091
-34.648,-3.0094,4.3475,6.7605
-73.226,2.5831,-20.112,13.266
-27.844,5.7714,9.1657,-0.72909
-37.596,14.095,-17.086,15.686
1.0436,4.1297,1.8614,0.27553
0.69492,2.8416,1.5226,0.2428
0.10258,0.43219,0.20222,0.020716
-0.027887,0.010158,0.02825,0.04794
1.1833,4.8207,2.3151,0.34218
-0.32224,-0.65656,-0.19985,0.103
-0.71134,-1.4176,-0.1977,-0.018541
-24.325,-10.482,23.297,-23.573
-62.428,-130.27,-17.146,-0.56391
-33.209,54.814,-45.077,3.4539
-128.8,6.962,11.921,28.499
-48.347,12.408,-0.25662,10.283
-26.616,3.058,-4.3439,-4.3854
-13.705,-3.1786,-3.3756,1.4339
-18.702,-2.2779,-1.3695,3.2918
-77.067,-4.5744,29.102,-22.319
-17.164,-2.6848,3.9543,7.3194
-75.691,15.216,5.0444,27.545
1.1273,4.3015,2.0195,0.32418
0.63942,2.4582,1.2242,0.15929
0.0078929,0.28964,0.043728,-0.034053
-0.32883,-0.75085,-0.44853,-0.085798
1.0763,4.3625,2.0478,0.32706
-0.57554,-1.2761,-0.43608,-0.08108
-0.97969,-2.3152,-0.99632,-0.22959
-32.619,126.55,-51.952,-38.337
-46.466,-32.406,-21.925,-17.105
-31.935,-3.6176,-33.755,-5.3136
-99.027,-0.57768,17.218,-33.884
-25.189,5.4542,-3.4217,4.9184
-23.53,0.58956,-4.3893,6.5811
-10.791,-2.037,-1.0484,1.9809
-21.178,1.4135,1.8767,-0.88584
-52.835,3.8954,20.216,-32.124
-16.513,-2.3107,-0.30572,-1.8041
-84.02,-0.37749,2.6073,-11.717
1.2196,4.6448,1.6603,-0.49563
0.7147,2.7327,1.0443,-0.27429
0.036523,0.34519,0.043153,-0.050482
-0.34825,-0.76632,-0.40817,0.062816
1.1274,4.7289,1.8125,-0.51975
-0.61194,-1.4116,-0.45108,0.22004
-0.96786,-2.2996,-0.78348,0.25114
-17.739,46.603,35.935,21.014
-43.863,-40.585,-23.013,15.302
-34.426,-24.841,-17.214,-17.233
-107.33,49.792,-15.228,-15.418
-16.533,-4.2495,-1.8844,-5.907
-34.507,4.7258,-1.6236,-4.525
-16.83,-1.3656,4.8967,-5.4034
-24.541,-1.923,10.081,-5.2733
-26.442,7.2749,15.083,-5.4881
-26.473,-4.7682,9.4128,-3.2389
-98.231,16.474,12.734,-5.6274
1.2172,4.5738,1.9183,-0.03642
0.65278,2.477,1.0385,-0.040822
0.11859,0.61189,0.20307,0.020069
-0.22508,-0.55057,-0.24014,0.019262
1.0029,4.4178,1.7674,-0.066233
-0.66401,-1.6129,-0.53173,-0.0052553
-1.0538,-2.4572,-1.0437,0.05925
-24.35,6.1379,27.422,5.1713
-32.781,10.608,-28.094,-15.921
-14.814,11.48,17.538,-3.7517
-91.107,28.259,17.608,1.2063
-23.05,2.5933,-1.2026,-1.6878
-25.33,4.0476,-4.8993,-3.287
-17.258,-0.85047,-2.2337,3.1826
-28.846,2.3511,-1.0319,1.6734
-59.432,-5.3952,-5.7997,-15.98
-16.422,-1.6458,-4.0435,2.5097
-70.97,7.8778,-19.269,29.097
1.0886,4.4055,1.5318,-0.34528
0.73844,3.0545,1.3859,-0.1442
0.082937,0.39269,0.2198,-0.033662
-0.086259,-0.084121,0.068972,0.078769
1.1581,5.1177,2.1096,-0.3567
-0.43545,-0.63025,-0.13459,0.23927
-0.72354,-1.5458,-0.0059344,0.26316
-38.502,-64.204,-3.221,-13.462
-84.035,-127.61,-23.379,-27.471
-24.783,70.135,-39.363,-26.394
-131.9,14.768,7.8489,-69.256
-56.209,-4.2498,-2.4885,-6.7946
-24.338,-0.64065,2.0934,-4.3034
-13.49,-1.436,0.46808,-1.6646
-34.454,1.8158,2.4701,0.29596
-58.811,-3.1352,10.037,-6.4008
-16.932,-1.9749,6.0033,-6.55
-90.697,-2.3325,14.405,-32.054
1.0507,3.2853,2.5555,0.76106
0.63626,2.0128,1.6809,0.44998
-0.033602,0.022127,-0.021954,0.019503
-0.39168,-0.73557,-0.6447,-0.17838
1.0768,3.4816,2.8419,0.7854
-0.47507,-0.79585,-0.72755,-0.10377
-0.86942,-1.635,-1.0669,-0.40558
-18.21,30.268,30.702,-22.776
-43.196,-59.491,-54.604,-13.297
-32.397,-9.3636,-26.092,6.7519
-71.929,21.464,44.678,-45.493
-34.538,-2.6529,-0.63104,-4.7428
-30.083,-6.0941,-3.3745,-3.6796
-18.5,-2.1957,-0.83497,-2.234
-37.592,-4.0518,-0.022477,-0.17665
-34.987,-2.7756,4.9908,-1.5204
-13.727,-3.9143,-1.9816,1.585
-55.699,8.81,34.567,-32.454
1.088,3.9037,2.153,0.63036
0.68182,2.4597,1.4489,0.39159
0.083528,0.36183,0.26645,0.047382
-0.1787,-0.35123,-0.10349,-0.017358
1.0331,4.2492,2.3266,0.66293
-0.46476,-0.95632,-0.3232,-0.13277
-0.78788,-1.6701,-0.74789,-0.29148
-44.403,-58.848,3.331,-37.903
-51.474,-27.073,-51.289,-2.381
-56.388,56.125,-62.238,31.435
-171.61,23.558,-140.51,75.758
-53.889,-3.0628,-12.798,9.1808
-45.527,0.47322,-5.9234,-4.1213
-23.176,-2.4327,-3.0126,0.084057
-20.803,-0.36846,-2.1608,1.4994
-67.685,8.8733,-14.509,-0.60012
-30.998,-1.1075,-14.998,24.459
-121.36,5.1428,-85.371,62.998
1.0865,4.2803,1.6216,-0.19807
0.78233,3.137,1.3965,-0.077363
0.059229,0.27795,0.16983,-0.0095826
-0.052,0.014681,0.029018,0.054927
1.2089,5.1449,2.2535,-0.19897
-0.21379,-0.28498,-0.22621,0.050023
-0.64742,-1.2409,-0.13286,0.10352
-28.851,-46.34,23.966,8.6573
-56.402,-100.64,-11.002,-0.86693
-32.008,47.278,-54.299,-45.319
-176.02,2.3755,104.53,-20.542
-44.928,3.6155,13.805,-1.8554
-37.106,-0.4083,6.6782,-6.345
-15.289,-3.1637,-0.14748,-0.077575
-13.426,-4.0096,-2.0946,-0.70743
-58.672,-8.3841,18.429,-20.898
-34.998,-1.7455,1.4029,-6.4747
-114.72,-0.92451,47.592,-25.44
0.94455,2.4069,2.732,0.81538
0.65472,1.6865,2.0343,0.5254
-0.095541,-0.10931,-0.15192,-0.019526
-0.314,-0.44412,-0.57893,-0.15214
1.0387,2.8427,3.343,0.94223
-0.31657,-0.36017,-0.52648,-0.087277
-0.62973,-0.838,-0.77995,-0.37227
-18.378,8.2249,42.317,-24.998
-74.352,-62.447,-84.958,-8.7547
-26.726,-21.608,-27.69,1.2257
-150.28,-0.026307,44.643,-19.26
-37.217,0.20111,-4.0455,-0.97903
-25.968,1.063,-10.769,7.6961
-13.56,-2.8697,-4.6539,2.6287
-12.387,-4.3181,-6.3906,1.5763
-30.84,-3.7829,-7.7342,-2.4227
-12.45,-3.6059,-3.0177,0.056056
-38.091,8.4391,25.028,-3.2598
1.0581,3.4758,2.4164,0.71214
0.67146,2.2006,1.5579,0.45955
-0.063499,0.078544,-0.057502,0.039336
-0.39247,-0.67843,-0.60721,-0.11331
1.0154,3.7677,2.6232,0.78566
-0.45705,-0.87481,-0.5549,-0.21504
-0.77029,-1.5409,-1.0832,-0.28153
-1.0727,70.826,99.864,-0.35126
-36.432,-33.17,-13.904,-6.8324
-30.373,-6.2653,-28.969,-15.244
-127.99,34.675,72.137,51.839
-34.014,-1.2026,9.7103,5.7593
-29.198,-1.0984,-3.2329,7.0325
-21.155,-1.753,-3.8027,4.4016
-18.419,-3.4042,-1.862,1.5776
-57.307,-14.967,-10.597,-4.079
-26.04,-1.2154,-5.9102,4.1865
-132.83,-2.4837,-12.218,22.668
1.1591,4.4311,1.9813,0.13727
0.65342,2.5438,1.1268,0.055729
0.10588,0.44923,0.22454,0.028394
-0.26616,-0.68174,-0.29966,-0.0096212
1.0244,4.4682,1.92,0.11441
-0.61271,-1.4825,-0.61375,-0.048778
-0.92421,-2.2412,-1.0423,-0.027712
-28.752,-22.733,13.749,-14.812
-41.957,26.34,-22.109,-12.831
-22.835,-2.8891,15.684,-2.1446
-96.234,28.711,-7.3082,85.838
-29.184,-0.54576,2.5351,17.775
-28.748,0.84291,-3.9478,7.3987
-13.138,-1.297,-1.8607,-0.67327
-18.9,3.3449,0.16068,1.2169
-69.57,-2.1162,-12,12.906
-21.697,1.8538,-11.08,7.1332
-103.32,29.445,-12.615,26.478
1.0179,4.0934,1.8242,0.29067
0.71362,2.8991,1.5809,0.22783
-0.0055609,0.041473,0.042635,-0.018223
-0.18101,-0.36592,-0.086659,0.013522
1.117,4.8006,2.3658,0.35443
-0.30415,-0.40093,-0.083743,0.11836
-0.60236,-1.3755,-0.21713,-0.06459
-26.013,-38.489,-3.8377,-21.66
-72.299,-122.99,-68.529,-16.503
-23.171,82.743,-43.499,-18.317
-79.873,-15.149,2.1524,41.166
-42.896,-0.27545,-5.9683,6.6164
-27.656,0.65459,-5.5838,4.6148
-15.868,-1.1752,-7.2954,2.7567
-44.262,-3.8149,-4.9903,3.833
-66.773,7.0871,-11.151,5.2341
-32.537,-3.4015,1.2001,1.5507
-57.659,-1.3445,1.9043,-3.0361
1.2287,4.3916,1.6092,-0.52877
0.7846,2.8274,1.0935,-0.34226
-0.11214,-0.25857,-0.086911,0.059191
-0.52312,-1.2443,-0.51071,0.14608
1.2724,4.8714,1.8509,-0.59191
-0.42432,-0.86671,-0.43862,0.045916
-0.92227,-2.0501,-0.66768,0.28361
-26.652,0.39512,27.376,-7.9014
-39.667,-12.658,-43.094,4.8818
-22.302,-28.444,-9.6211,4.4242
-130.11,6.236,-4.2906,-47.405
-39.693,9.7576,-3.6302,7.708
-27.328,4.9441,2.6624,8.0494
-15.768,1.2466,0.59693,1.7893
-46.938,-1.354,2.7154,-0.20174
-53.161,-3.4232,-3.5563,4.687
-18.059,-4.3038,-1.9429,-4.9242
-94.629,0.80865,12.804,0.26355
0,0,0,0
0,0,0,0
0,0,0,0
0,0,0,0
0,0,0,0
0,0,0,0
0,0,0,0
0,0,0,0
0,0,0,0
0,0,0,0
0,0,0,0
0,0,0,0
0,0,0,0
0,0,0,0
0,0,0,0
0,0,0,0
0,0,0,0
0,0,0,0
1.0512,4.0459,1.5875,-0.15203
0.72952,2.7786,1.1302,-0.11525
-0.22014,-0.56679,-0.21825,0.026687
-0.73837,-1.8323,-0.81322,0.062697
1.1412,4.8678,1.9069,-0.22176
-0.52037,-1.1296,-0.51969,-0.0069587
-0.88191,-1.9013,-0.72247,0.14981
-26.584,15.366,-1.7884,-19.142
-43.906,0.29981,-33.684,-10.154
-35.576,-43.863,-26.777,4.73
-149.73,26.533,15.766,-53.429
-66.374,18.644,7.7884,-1.9792
-58.338,2.8352,11.76,13.607
-15.394,-2.9445,1.2945,5.7108
-35.998,3.8456,-0.68975,0.88207
-82.73,-6.4724,-10.657,12.297
-20.973,-1.4299,-3.1854,-7.6924
-120.51,8.6329,-13.674,-53.774
1.1176,4.2277,1.7131,-0.15946
0.66801,2.5468,1.0334,-0.1156
-0.19043,-0.43284,-0.10557,0.044667
-0.69356,-1.802,-0.71176,0.044986
1.0761,4.6668,1.8253,-0.22337
-0.4892,-1.1008,-0.48442,-0.030341
-1.008,-2.4377,-0.98235,0.046629
-22.565,-42.344,-18.791,1.9168
-30.826,30.072,-24.227,-22.98
-22.406,-20.269,26.78,-0.4629
-76.352,14.526,32.521,-20.383
-35.028,6.5429,-0.12262,-4.3896
-38.273,10.34,-3.9742,-4.2684
-17.465,0.073524,-0.37449,-2.1909
-42.347,-3.4209,-2.8079,-0.25361
-55.09,9.1563,-5.637,0.22715
-17.862,-1.1698,-5.5206,-3.2059
-83.197,21.45,5.2742,6.1844
1.1221,4.2542,1.5526,-0.46162
0.66298,2.6833,1.0015,-0.23514
-0.15486,-0.3917,-0.14368,0.031428
-0.77548,-1.9767,-0.72001,0.23599
0.9311,4.7144,1.7813,-0.45667
-0.58754,-1.3089,-0.47348,0.18001
-1.0386,-2.3804,-0.84469,0.33341
-28.864,-25.659,1.8113,36.691
-51.741,-36.288,32.136,39.109
-15.111,12.964,-9.1592,-12.314
-82.892,2.404,11.602,1.6894
-54.563,-3.1996,-5.4604,1.6173
-40.661,1.8561,6.3572,-8.579
-35.757,7.596,11.607,-8.8422
-28.106,2.2432,10.26,-4.7869
-47.326,-0.70334,5.3981,9.59
-32.975,2.2376,-0.52983,2.0883
-139.5,11.899,-2.425,15.694
1.0118,3.8982,1.5188,-0.15332
0.66799,2.5689,1.1022,-0.099965
-0.3179,-0.80553,-0.34717,0.0076737
-0.86699,-2.2536,-0.91402,0.084576
1.102,4.7532,1.9018,-0.24752
-0.4456,-1.0068,-0.38994,0.090084
-0.89441,-2.227,-0.71681,0.13289
-22.367,13.253,-18.506,-29.117
-43.734,-26.236,-9.1617,-32.618
-31.825,-0.43048,-13.25,-14.195
-106.88,-2.9791,-19.149,11.877
-38.43,7.7599,5.2354,1.3564
-41.51,11.932,0.83575,9.7945
-19.159,-3.7945,-0.58816,-0.41924
-77.31,-4.8089,2.8711,2.9523
-50.216,-6.7328,-3.7305,4.884
-22.458,-0.97233,1.7566,3.4395
-57.017,6.8218,2.4199,23.303
1.0218,3.973,1.4179,-0.32503
0.69169,2.6705,1.054,-0.23158
-0.24247,-0.62328,-0.16883,0.049762
-0.90553,-2.3262,-0.90396,0.16489
1.1136,4.7775,1.6113,-0.40011
-0.66183,-1.4739,-0.66018,0.096291
-0.9724,-2.3132,-0.69859,0.13704
-32.826,-1.346,-22.52,-49.695
-42.542,-5.9706,-23.861,-20.703
-45.606,-55.342,-32.379,27.41
-139.19,30.384,0.44388,-40.394
-41.096,1.9017,-2.2017,3.6679
-35.212,1.3227,0.023,-3.3603
-15.396,-2.2215,-0.76005,0.79625
-35.508,2.7005,1.2816,-4.8839
-67.751,-4.7132,8.0294,-10.765
-25.294,0.52643,4.7712,-5.8576
-67.637,1.3275,17.664,-19.435
1.0186,3.7167,1.9287,0.50208
0.65124,2.3873,1.2453,0.31173
-0.15468,-0.35778,-0.14601,-0.050378
-0.73333,-1.8051,-0.8971,-0.27088
1.0774,4.252,2.137,0.52783
-0.59747,-1.3563,-0.5751,-0.21265
-0.88529,-2.0647,-1.0588,-0.32271
-25.698,-30.611,-8.1617,-24.957
-25.324,16.238,-17.527,-5.3338
-13.663,0.983,16.592,9.8577
-107.17,4.7607,-9.5563,-9.793
-28.341,-2.5011,-2.6781,-5.2669
-20.911,-5.0815,-6.0976,2.9959
-9.7349,-3.8874,-0.64459,2.2227
-15.702,-1.993,5.8874,-3.4672
-59.893,-6.3368,10.077,-10.122
-11.23,-3.0453,-0.44944,2.8421
-42.938,-1.8676,-1.6503,-6.3338
1.0196,3.994,1.4432,-0.27186
0.75683,3.0278,1.2749,-0.19856
-0.31496,-0.8093,-0.32322,0.041372
-0.65734,-1.7041,-0.54646,0.13525
1.2844,5.2308,1.9518,-0.40434
-0.33158,-0.70637,-0.16273,0.060956
-0.60319,-1.3813,-0.22279,0.10527
-22.705,-35.412,-26.16,-9.1345
-46.473,-71.328,-48.039,5.3032
-15.15,22.826,-11.397,17.472
-87.805,-0.4567,-16.918,-15.731
-38.976,4.1244,-2.4515,-9.6386
-53.073,8.5932,7.5265,-6.4033
-18.872,-0.36919,-4.3876,1.495
-17.787,-4.8195,-0.95381,0.26687
-67.957,-2.8563,4.5934,15.734
-11.469,-5.2716,5.0686,0.21199
-47.332,-10.285,10.814,10.299
0.93085,3.6165,1.5708,0.095151
0.67782,2.6361,1.2413,0.082773
-0.29785,-0.76249,-0.35247,-0.035029
-0.90026,-2.343,-1.0452,-0.087257
1.1144,4.713,2.0765,0.16118
-0.59132,-1.3468,-0.63492,0.027272
-0.83363,-1.9304,-0.71585,-0.00069086
-34.048,2.8955,-3.1484,-31.719
-37.832,-40.619,-0.032807,-14.565
-16.083,-6.4255,6.5882,-6.4379
-67.063,2.5138,10.56,-3.1196
-29.148,-0.18426,-14.132,1.1037
-36.65,3.5575,-0.26648,2.6177
-19.378,1.2788,4.0281,2.9618
-17.849,-0.2427,2.9262,5.2772
-26.05,-0.33296,3.989,4.6794
-23.774,5.0649,-0.29001,-1.2642
-117.58,11.491,27.186,-37.172
0.99244,3.7573,1.5486,-0.047911
0.707,2.68,1.1177,-0.02005
-0.25789,-0.66197,-0.27351,0.0089506
-0.90452,-2.3136,-1.0146,-0.002706
1.057,4.7513,1.8237,-0.14048
-0.61953,-1.4601,-0.60289,0.014571
-0.85429,-2.0384,-0.84056,0.065515
-20.525,16.074,-5.012,-15.129
-27.928,0.030543,14.143,-9.3874
-17.389,-23.646,4.7707,-5.9367
-75.315,-1.8499,11.738,-7.0362
-32.692,-4.1585,-2.3214,-2.13
-23.085,3.4679,3.5029,-3.9457
-12.907,-2.0066,1.5851,-2.4099
-60.033,4.1476,-9.075,12.679
-39.856,2.4879,6.509,-0.96728
-16.908,-3.8562,-0.42419,4.3002
-53.953,10.011,11.344,7.1794
1.1354,4.1094,1.568,-0.49097
0.72526,2.6434,1.0512,-0.30704
-0.22283,-0.50038,-0.13586,0.10077
-0.84266,-2.1344,-0.80447,0.25777
1.1511,4.6716,1.7835,-0.54485
-0.57832,-1.3903,-0.52548,0.15878
-0.97393,-2.3624,-0.85832,0.31184
-31.79,-37.027,24.565,-29.166
-43.181,3.401,-22.284,-5.6775
-26.612,-23.63,13.074,29.007
-118.06,1.5347,2.916,-0.16017
-34.497,0.89464,5.2203,3.8659
-29.141,-2.1539,-0.65556,-2.6396
-14.732,-2.2331,0.85395,-5.356
-28.321,1.1557,12.179,-10.781
-60.211,-5.1709,3.104,-8.3117
-16.934,-1.4029,5.6155,-5.7995
-76.981,11.317,-4.9236,-5.1913
1.0459,4.0738,1.4564,-0.37148
0.77859,3.0788,1.2644,-0.24051
-0.32572,-0.81866,-0.29053,0.086662
-0.6199,-1.6156,-0.51535,0.1847
1.2448,5.3469,2.0138,-0.51817
-0.2801,-0.62972,-0.11539,0.11035
-0.57141,-1.329,-0.26444,0.21115
-32.787,-56.444,11.915,0.7708
-62.906,-63.682,-24.241,-27.415
-18.645,11.662,5.7427,13.908
-90.971,-7.2853,31.659,-10.403
-40.692,1.6762,-4.4293,-8.1783
-36.879,1.4181,-3.8716,-9.0879
-12.509,-3.0336,-3.1798,-2.2747
-18.008,-2.3987,1.7847,-5.848
-50.604,3.9205,9.458,0.78606
-17.809,-0.86537,0.87345,3.3193
-62.426,4.2436,21.626,-17.051
0.99485,3.9385,1.3978,-0.37812
0.6791,2.6518,1.0479,-0.25149
-0.31199,-0.80375,-0.3168,0.054394
-0.92089,-2.4202,-0.92249,0.1652
1.1528,4.8741,1.7527,-0.4578
-0.51576,-1.2806,-0.4359,0.060749
-0.88786,-2.2602,-0.65445,0.17463
-31.66,27.351,-44.518,-34.239
-30.797,-31.3,-23.651,-12.886
-41.56,-47.731,28.944,31.403
-79.064,3.4548,23.026,6.1395
-30.939,-3.1606,2.3372,4.1044
-27.16,0.069826,-0.66387,-1.6224
-12.408,-1.1709,-3.5573,1.4136
-11.691,-3.5889,-4.3812,2.6936
-43.543,-1.1157,-8.6104,2.0428
-14.645,-4.0801,-1.884,0.14093
-78.902,-6.9684,13.813,7.4434
0.97003,3.7564,1.5101,-0.052276
0.68913,2.6188,1.1376,-0.033701
-0.25285,-0.65549,-0.25885,-0.0054387
-0.93305,-2.3829,-1.0552,-0.018991
1.109,4.6189,1.8262,-0.03542
-0.67942,-1.4961,-0.82612,-0.070634
-0.92749,-2.1805,-0.7784,0.013249
-32.502,21.158,-28.119,-28.631
-28.04,-25.049,-13.872,5.0872
-26.262,-48.448,-0.27579,-7.2319
-114.93,-14.593,-21.365,29.536
-31.176,-0.34647,11.205,-13.922
-38.115,1.6332,21.276,-9.3896
-12.474,-3.3238,4.9798,-1.3578
-43.87,0.65855,3.4841,4.2567
-76.773,-8.0036,-26.048,31.56
-25.86,-2.969,-4.0745,3.5207
-69.234,-7.6809,-2.6461,-3.1962
1.1407,4.1343,1.59,-0.4735
0.7113,2.624,1.0415,-0.33273
-0.19169,-0.42899,-0.15448,0.077392
-0.84097,-2.1345,-0.77278,0.26446
1.1918,4.6565,1.7423,-0.64592
-0.61801,-1.4997,-0.37994,0.26702
-0.97935,-2.4172,-0.84901,0.26224
-27.085,-25.407,9.8033,-20.517
-49.368,6.0135,-37.188,-17.733
-36.333,6.3014,5.6578,39.608
-90.095,9.0877,7.2024,34.267
-36.984,-2.5792,-1.9845,20.027
-29.119,0.39092,3.3301,18.104
-15.909,-3.3098,1.3561,6.3069
-20.045,-4.6493,0.69423,2.2894
-67.494,1.272,27.424,-23.506
-20.168,-2.7586,1.5861,6.2658
-64.831,-17.64,8.1675,19.836
1.0029,3.9666,1.7158,0.13523
0.71454,2.8674,1.4149,0.061177
-0.32694,-0.8379,-0.37671,-0.057371
-0.54807,-1.376,-0.48699,-0.021739
1.1628,5.0504,2.3513,0.11379
-0.15514,-0.1846,0.053249,0.027971
-0.57359,-1.3821,-0.26142,-0.078066
-35.704,-35.878,-44.762,-21.315
-60.4,-68.718,-71.972,-11.35
-28.985,56.554,-41.307,7.2545
-166.8,15.182,20.096,85.105
-60.369,5.1257,8.9603,5.2119
-37.216,-0.95005,-1.9422,-2.5093
-16.633,-2.8181,-4.0894,2.0214
-16.221,-1.8427,6.2638,-2.2402
-60.478,-7.7531,-8.9852,-14.085
-20.649,-4.0097,1.9024,-8.3844
-53.342,7.7679,-6.1902,-17.479
0.98692,3.7544,1.538,-0.048878
0.66711,2.56,1.0826,-0.052428
-0.33708,-0.83945,-0.39358,-0.017145
-0.93119,-2.3839,-1.0283,-0.027998
1.1279,4.7576,1.9453,-0.12469
-0.50777,-1.1965,-0.45172,0.014949
-0.89786,-2.1977,-0.81957,-0.017139
-38.374,67.686,-56.153,-38.579
-31.338,-10.594,-26.282,-12.461
-26.174,-11.613,5.9576,-4.0214
-74.073,-13.411,-8.895,19.411
-30.086,-2.6262,-7.622,8.4293
-33.281,-5.9735,-8.589,-0.97248
-18.192,-2.1147,-4.7928,4.4644
-37.038,-0.40844,-0.0078725,9.9716
-53.563,-5.7363,-8.7803,10.402
-13.879,-4.4495,-0.75326,6.9881
-62.659,9.252,12.614,19.728
1.0255,3.8863,1.5468,-0.14877
0.69249,2.6368,1.0533,-0.11475
-0.26911,-0.69022,-0.26165,0.023318
-0.87847,-2.2409,-0.94918,0.069055
1.1388,4.7484,1.8306,-0.1806
-0.53651,-1.2555,-0.57622,0.0074543
-0.88798,-2.1642,-0.86702,0.1029
-22.35,23.742,-9.9009,-38.404
-24.873,8.1994,-12.007,-10.441
-20.632,-21.076,-24.073,-2.5546
-110.13,9.4114,14.931,-9.1947
-25.342,3.3792,13.121,-8.8641
-27.015,5.1205,0.44763,-5.7759
-10.369,-1.411,2.9429,-4.6937
-13.533,0.97398,4.0681,-9.5122
-67.986,-1.3559,-29.829,31.171
-41.68,-1.9525,6.0643,-14.14
-55.113,6.2229,15.869,-1.7583
1.0607,4.037,1.5543,-0.26674
0.67351,2.637,0.99016,-0.20712
-0.19646,-0.46367,-0.13041,0.070995
-0.84281,-2.1975,-0.86752,0.12962
1.0687,4.7299,1.5935,-0.38853
-0.65981,-1.6491,-0.52248,0.07975
-0.96356,-2.354,-0.97253,0.19514
-26.246,-12.84,6.7852,-24.377
-23.256,45.044,-36.976,-31.18
-29.572,-40.333,13.432,33.349
-84.722,4.1102,28.384,22.962
-41.681,-1.9558,-0.50486,-0.17693
-23.318,-3.6977,-2.6162,-4.0795
-12.034,-2.6349,-1.9858,-0.65926
-24.734,-2.785,-3.7559,1.8936
-62.803,-7.1534,8.0397,-11.333
-16.198,-1.991,-2.9995,2.4027
-45.207,7.8294,-19.726,17.046
1.0027,3.9589,1.3906,-0.36265
0.78672,3.1996,1.2928,-0.19608
-0.37021,-0.96967,-0.36712,0.076766
-0.62642,-1.553,-0.54987,0.18423
1.3269,5.3619,2.0513,-0.48763
-0.22691,-0.31966,-0.18548,0.096271
-0.52853,-0.93735,-0.089502,0.29328
-28.504,-35.3,32.271,10.798
-57.335,-89.633,52.487,7.1538
-23.7,21.697,-18.897,-27.9
-161.28,19.512,5.4191,-3.9611
-39.325,2.0378,11.04,-8.9306
-27.778,1.228,6.1761,-7.342
-11.985,-3.4731,0.99677,1.326
-43.672,-9.0267,-26.227,22.679
-70.003,7.313,12.884,2.5368
-21.429,-2.474,0.98744,-2.2381
-121.84,14.621,-16.199,-14.066
0.9869,3.7769,1.3909,-0.27638
0.645,2.4866,0.9922,-0.18531
-0.2836,-0.74215,-0.28237,0.043974
-1.0267,-2.6791,-1.0078,0.14371
1.0947,4.5492,1.6613,-0.35525
-0.60396,-1.4954,-0.51901,0.070214
-1.0012,-2.5424,-0.86325,0.18028
-32.178,12.809,-46.119,-34.759
-35.681,-17.587,-29.085,-22.255
-25.701,-29.085,26.11,18.181
-98.17,5.3066,20.724,12.78
-25.434,-3.5698,3.2615,1.0889
-18.107,-2.1864,2.8515,-5.9237
-11.985,-2.9039,-0.61518,0.75679
-7.7975,-2.5823,-3.6491,4.5916
-73.994,6.241,-9.1174,23.418
-17.279,-3.2335,-2.8101,8.5222
-94.819,1.5223,6.6916,42.111
1.0815,3.8772,1.4302,-0.48104
0.68796,2.5313,1.0274,-0.33768
-0.29605,-0.72196,-0.25843,0.055274
-1.0197,-2.5458,-0.93582,0.27109
1.119,4.5761,1.816,-0.65382
-0.65594,-1.4101,-0.49526,0.27723
-1.0799,-2.4779,-0.86266,0.18053
-62.82,3.2626,-75.629,-8.9972
-39.654,-17.867,-35.717,-1.374
-28.148,-13.975,7.7648,13.591
-125.87,25.769,10.127,21.077
-41.975,-0.27623,-4.5524,2.5883
-39.345,3.1433,4.1231,3.649
-16.971,-4.5779,-1.67,4.1473
-41.63,5.6604,10.884,8.7811
-80.188,-8.1257,-0.43731,-0.40482
-27.322,-2.7943,-6.0344,-3.015
-82.075,17.084,25.846,-14.538
1.0663,4.079,1.6241,-0.22256
0.68014,2.5878,1.0421,-0.15572
-0.16084,-0.40474,-0.1727,0.014079
-0.82243,-2.1004,-0.75016,0.1417
1.0938,4.5471,1.764,-0.3127
-0.63038,-1.5213,-0.35,0.14564
-0.95248,-2.3227,-0.91724,0.12887
-24.087,-24.549,7.9207,-15.129
-29.05,-6.7121,-18.955,-3.1066
-7.0434,44.467,-4.2975,-3.8477
-147.58,37.338,6.6991,-14.86
-36.682,-3.3693,4.0477,-1.6982
-38.83,-5.7086,10.594,-7.5088
-18.811,-5.899,2.5527,-0.92764
-18.068,-4.1637,-1.175,3.7763
-78.58,-0.43394,14.36,-2.3862
-22.489,2.1059,9.8345,-6.8366
-66.166,-0.80089,4.9133,4.2218
1.0826,4.0278,1.4746,-0.44885
0.77232,3.0501,1.214,-0.30247
-0.28768,-0.73617,-0.28109,0.065005
-0.74544,-1.7466,-0.58131,0.25632
1.3117,5.1733,1.9529,-0.5083
-0.49748,-0.82084,-0.24375,0.19977
-0.75328,-1.4379,-0.36099,0.24565
-24.022,-38.534,13.334,1.3125
-52.595,-55.762,-4.9263,24.2
-23.951,47.971,-25.433,-17.278
-194.28,37.567,-49.772,30.233
-40.609,-1.5038,-3.1648,12.61
-29.582,-3.1424,-1.9456,5.7646
-13.43,-3.4297,-3.8849,6.8973
-24.783,-0.47089,-9.4225,4.2739
-41.411,1.3132,-12.078,-4.0785
-18.546,2.299,-4.0953,7.6384
-70.838,25.891,-14.142,20.901
0.9902,3.8135,1.4843,-0.16384
0.61675,2.3774,1.015,-0.10646
-0.30832,-0.79812,-0.33188,0.013012
-0.98844,-2.5584,-1.0535,0.062182
1.0757,4.4766,1.8278,-0.21422
-0.50368,-1.1854,-0.50629,0.019134
-1.039,-2.5675,-0.91256,0.092738
-37.099,23.642,-51.74,-31.291
-34.129,-24.561,-17.852,-9.0206
-19.008,-27.02,12.488,-6.915
-93.174,1.4542,20.758,-49.248
-22.693,-0.23557,5.687,-7.9501
-31.535,-3.4907,0.6917,5.2178
-17.688,-3.0243,-1.3933,7.1461
-30.286,2.122,2.2449,-3.4093
-60.954,3.7902,-17.074,22.794
-19.487,-0.064443,1.1398,3.3963
-103.95,8.5682,23.195,1.6878
1.0126,3.9845,1.4937,-0.23015
0.698,2.7955,1.1698,-0.13868
-0.24755,-0.55961,-0.24619,0.068805
-0.84568,-2.0789,-0.72499,0.27876
1.0871,4.7777,1.9341,-0.31314
-0.59642,-1.3266,-0.39688,0.29532
-0.84687,-1.9102,-0.54864,0.30919
-67.345,-72.738,136.44,4.1765
-41.605,-53.531,-31.911,-10.372
-47.297,76.801,-70.994,-13.471
-134.35,20.894,16.451,-70.453
-53.778,10.348,-15.019,-6.4407
-31.625,5.6537,-13.449,4.594
-14.595,-1.7552,-5.9186,-0.63791
-26.332,-2.4654,-1.0984,-0.86316
-67.092,-8.0778,-24.982,13.051
-33.142,-4.4056,1.4475,-21.884
-131.23,-11.502,-15.979,-56.02
1.0697,4.114,1.5401,-0.3318
0.67014,2.6273,0.98631,-0.22838
-0.15421,-0.39345,-0.12483,0.052132
-0.85142,-2.2511,-0.79689,0.18954
1.0607,4.568,1.6287,-0.40059
-0.67762,-1.6593,-0.49246,0.21
-0.99953,-2.4739,-0.88716,0.18351
-29.668,-19.658,2.5848,-22.655
-35.128,15.245,-23.358,-13.2
-17.947,3.7376,10.043,22.288
-138.09,-6.4358,13.978,36.453
-35.165,-0.95724,-2.5374,-11.853
-26.983,5.5414,-1.9712,-9.5462
-14.302,-3.8609,-2.2207,-2.5903
-19.46,1.2901,-3.0638,0.097425
-56.196,-0.93406,-9.3317,-5.1615
-42.783,0.46311,16.654,-3.9586
-118.15,-28.854,29.163,-13.484
1.0233,3.8808,1.6071,-0.048558
0.70755,2.8483,1.2891,0.005843
-0.28582,-0.69547,-0.35287,-0.035787
-0.76222,-1.9122,-0.67604,0.045176
1.1955,4.9179,2.1541,0.00033164
-0.47426,-1.0098,-0.24219,0.057416
-0.76579,-1.6391,-0.40368,0.067586
-26.393,-25.328,-18.625,-18.78
-76.648,-100.19,20.968,36.658
-9.616,70.455,-9.1449,2.4579
-89.213,8.102,-34.385,29.179
-53.812,5.334,-3.9982,6.3071
-32.543,1.7437,4.101,-0.95923
-14.773,-2.9645,0.83771,-0.045264
-19.008,-1.9564,4.1714,-2.9559
-61.554,0.38464,-10.558,-9.3814
-18.641,-1.2476,-9.41,1.872
-79.277,19.053,-15.57,-4.0093
0.89908,3.4731,1.6049,0.24122
0.62507,2.4186,1.239,0.1749
-0.30137,-0.75593,-0.38209,-0.072641
-0.95935,-2.4474,-1.1788,-0.21561
1.0573,4.4428,2.0747,0.3226
-0.60837,-1.4198,-0.59306,-0.12112
-0.87646,-2.1176,-0.88446,-0.106
-27.926,1.4218,-33.654,-16.388
-35.19,-48.05,-15.638,-21.967
-18.744,-26.566,5.2883,3.6347
-98.412,19.406,14.156,-37.648
-26.416,-0.23797,-0.26831,-9.0811
-18.307,-3.1322,1.041,-2.991
-12.574,-4.3563,-2.249,-0.32657
-33.014,3.649,7.2027,2.1216
-71.745,1.0904,18.003,8.7734
-18.574,-3.3237,-1.1898,1.926
-47.95,11.009,-8.3811,3.2933
0.96119,3.8325,1.4108,-0.22415
0.69023,2.7158,1.1834,-0.14001
-0.34047,-0.83447,-0.3589,0.016776
-0.87386,-2.2436,-0.88544,0.15424
1.0365,4.8843,1.8258,-0.30353
-0.55169,-1.2199,-0.38882,0.24109
-0.87764,-1.9029,-0.52911,0.18956
-65.291,-20.184,-32.176,24.456
-65.967,-60.836,-11.649,-21.217
-58.057,-1.5258,-45.679,-26.857
-164.9,-27.197,59.967,-82.432
-43.416,-5.1468,10.125,-1.865
-37.512,-1.0688,4.6549,3.4123
-22.089,-2.4772,-2.7994,4.3602
-50.442,-6.3879,-5.8215,8.921
-86.305,2.8984,11.056,-15.788
-69.387,-3.7678,-3.197,-0.3649
-61.902,-0.99887,1.3237,-8.5682
1.0912,4.1355,1.5826,-0.26901
0.68829,2.649,1.0435,-0.17339
-0.1671,-0.38262,-0.11938,0.048588
-0.80265,-2.0672,-0.6866,0.17085
1.1004,4.6173,1.7855,-0.34784
-0.5996,-1.469,-0.47118,0.10407
-0.94734,-2.3303,-0.78561,0.17948
-26.707,-58.399,11.355,6.4193
-41.153,-10.454,-32.936,3.2754
-19.007,30.43,-3.0559,24.975
-145.57,-3.1496,21.882,-8.6386
-38.556,-0.19299,7.941,-6.7942
-32.42,-0.27173,2.5702,-4.3807
-19.709,-0.93933,2.693,-2.7906
-35.511,2.0299,11.759,-3.6583
-64.13,-1.8861,18.881,-23.826
-22.082,-0.9046,2.5941,-7.3576
-111.31,19.086,16.785,-20.416
1.1054,4.02,1.5699,-0.45493
0.76244,2.8739,1.1254,-0.36735
-0.28567,-0.71146,-0.29392,0.066716
-0.78034,-1.9573,-0.65554,0.25453
1.2068,4.9231,1.9639,-0.60804
-0.44706,-0.99909,-0.26012,0.18343
-0.78812,-1.8264,-0.64199,0.1752
-30.623,-12.338,-33.188,-16.503
-51.085,2.5702,-37.49,24.508
-16.372,52.257,-1.0106,9.0901
-108.03,25.525,7.8336,16.198
-47.122,-1.4532,1.8205,9.6869
-35.642,6.2051,9.5427,0.76016
-14.904,0.31753,3.7511,1.0054
-21.42,-0.5621,-2.8301,4.5135
-66.945,-4.1468,-8.125,2.9038
-14.35,-2.8085,2.1207,-3.0035
-86.933,-1.6924,-1.7114,-18.116
0.9046,3.5697,1.5287,0.089337
0.61067,2.3843,1.1335,0.066362
-0.34352,-0.88102,-0.40205,-0.031912
-1.0016,-2.5934,-1.1893,-0.11211
1.0531,4.4719,2.0454,0.20855
-0.53007,-1.1979,-0.63817,-0.068761
-0.9423,-2.2987,-0.81687,-0.1087
-30.128,20.963,-21.684,-42.459
-47.214,-29.374,-20.852,-28.116
-23.735,-39.285,5.7319,-0.95139
-102.15,-8.3309,-6.1766,-8.1432
-32.424,-3.8109,15.233,-16.399
-23.239,-0.88845,12.227,-8.4991
-11.595,-2.5082,1.919,-0.99152
-24.891,-2.2277,0.80565,2.9911
-57.815,-0.50872,10.5,-4.3097
-18.301,-4.9783,4.3703,0.065507
-73.789,-7.5564,24.979,12.642
0.94063,3.7229,1.4672,-0.028859
0.65788,2.5485,1.1551,-0.012956
-0.28622,-0.71878,-0.31104,0.010103
-0.98002,-2.4735,-1.078,0.029892
1.1289,4.5727,1.8861,-0.045299
-0.62254,-1.4908,-0.63714,-0.017355
-0.92838,-2.2213,-0.73558,0.10606
-21.693,-14.194,29.513,-23.928
-34.704,-52.489,-31.852,-15.905
-28.808,-24.144,-40.617,-17.01
-86.812,6.4341,2.6524,3.9083
-30.757,-3.3885,11.439,-0.24064
-30.612,-1.5005,4.3988,-0.46249
-12.991,-3.2666,-0.61625,1.2039
-14.922,-4.1774,-0.34373,2.8387
-64.097,-11.287,-4.9013,5.5265
-24.696,-0.53232,1.212,2.7541
-39.583,1.0238,-9.3044,11.538
1.0407,3.9329,1.6366,-0.0347
0.69758,2.6825,1.159,-0.021126
-0.20029,-0.47972,-0.24258,-0.014248
-0.81148,-2.0838,-0.83796,0.024256
1.0584,4.669,1.9455,-0.030282
-0.61385,-1.4939,-0.44484,-0.04821
-0.87221,-2.0411,-0.80692,0.075159
-21.105,-8.3232,-4.0775,-5.8792
-48.057,-39.578,-12.547,17.108
-15.238,28.762,-8.8413,-6.8968
-91.094,-5.5588,20.068,4.0701
-41.959,-0.23722,-6.9396,9.8347
-28.184,-1.668,-1.1318,2.6469
-14.722,-2.2275,-3.6821,2.8174
-20.258,-5.5921,-7.4173,0.12019
-57.232,9.717,0.33856,3.4582
-20.281,1.7927,-6.348,7.0415
-107.03,11.22,-42.933,70.645
1.0144,3.9007,1.586,-0.031045
0.70757,2.8227,1.2959,-0.015795
-0.32345,-0.80587,-0.371,-0.018551
-0.75207,-1.8672,-0.69614,0.044933
1.1668,4.9459,2.1333,0.00054646
-0.38645,-0.74133,-0.27701,0.094421
-0.69529,-1.6111,-0.42625,0.025671
-20.645,-39.089,-14.582,9.4519
-49.506,-79.965,-26.549,6.5552
-16.71,57.147,-31.391,-12.82
-127.29,38.225,61.613,-42.211
-38.113,-1.5806,-0.78139,2.4142
-26.272,-5.4236,-2.6395,0.61158
-12.521,-2.7145,-4.6532,5.1137
-29.232,-3.8457,-5.0449,2.1926
-59.264,-4.7735,9.5105,-0.39188
-20.436,-3.2002,-2.487,-1.5765
-54.947,1.7704,-21.453,25.16
0.92621,3.654,1.4467,-0.04505
0.63629,2.4789,1.1294,-0.021473
-0.34429,-0.7958,-0.43658,-0.033235
-1.0055,-2.6076,-1.0903,0.01187
1.0603,4.5081,1.9889,0.036393
-0.59289,-1.4466,-0.51043,0.041722
-0.98319,-2.3598,-0.66957,0.0684
-20.317,32.019,-22.642,-17.232
-43.697,-83.965,-35.972,3.1193
-16.556,-3.597,-11.194,5.4014
-107.35,19.724,-27.473,36.184
-32.611,4.2307,-0.4295,5.2817
-26.715,1.0272,-4.0815,8.177
-10.053,-1.3982,-6.1343,2.8835
-11.137,-0.79511,-1.1988,0.59656
-58.812,-3.8123,4.6453,-2.2407
-12.916,-1.1899,-0.1505,1.1179
-28.762,-9.7207,-16.423,10.796
0.90214,2.8007,2.1892,0.65086
0.62201,1.905,1.5486,0.42561
-0.23508,-0.43977,-0.39293,-0.10824
-0.90429,-1.7961,-1.5079,-0.45514
0.98231,3.3619,2.6388,0.73693
-0.63049,-1.1971,-0.94103,-0.32535
-0.88092,-1.6699,-1.2819,-0.41224
-10.47,11.909,1.1074,-7.8749
-29.743,-32.188,-26.519,-8.6938
-15.929,-16.266,-14.023,-2.6103
-80.305,21.168,-17.456,18.896
-23.905,-1.6922,0.29326,-3.9592
-30.485,0.20495,1.0457,2.9089
-13.04,-4.1226,-1.8165,4.7332
-31.438,-3.758,-4.211,2.7824
-58.877,4.8559,-13.58,-6.3145
-14.092,-3.278,-0.73799,-1.2872
-42.289,1.4452,-6.1678,0.8696
1.0453,4.0013,1.5704,-0.24674
0.68513,2.6158,0.9971,-0.19445
-0.1572,-0.35821,-0.13849,0.043057
-0.87959,-2.2919,-0.82682,0.18393
1.1031,4.4925,1.6509,-0.3406
-0.72895,-1.8002,-0.52056,0.15791
-0.97137,-2.3571,-0.95472,0.14631
-20.736,-29.255,22.903,-2.0458
-18.861,17.137,-24.118,-3.5369
-38.341,27.567,-0.38853,26.724
-103.98,6.9357,-25.865,36.355
-29.751,4.7841,7.5054,-1.9485
-22.199,-0.7586,7.7098,-1.6677
-12.862,-2.6223,-0.95105,2.5066
-17.945,-0.28054,2.3802,-5.2426
-58.425,-5.6014,-3.2633,-0.64439
-13.652,-3.8677,-1.602,3.7459
-81.203,-17.576,-2.0742,14.26
0.88032,3.1911,1.9299,0.64068
0.67295,2.4715,1.6881,0.48025
-0.37024,-0.8205,-0.54619,-0.17337
-0.6717,-1.4908,-0.91478,-0.30369
1.1309,4.2932,2.7682,0.78489
-0.25786,-0.37784,-0.33474,-0.096069
-0.53115,-0.99191,-0.34216,-0.19913
-37.353,-39.406,27.844,-21.872
-57.845,-99.086,-41.86,-20.74
-28.543,15.045,-29.18,3.9972
-118.96,-5.835,-10.515,58.884
-40.415,-7.3667,2.1014,11.941
-22.562,-3.0541,2.5942,4.6092
-11.594,-2.8429,1.5738,1.7822
-18.789,-1.5396,-0.70423,6.9239
-73.169,3.5545,-18.787,39.209
-31.645,-0.82914,-2.5091,-6.1811
-126.28,-19.348,26.75,-6.8919
0.94395,3.6444,1.4695,-0.033862
0.61064,2.3555,1.0382,-0.036757
-0.36069,-0.91263,-0.40452,-0.018217
-1.039,-2.6764,-1.1481,0.010819
1.0816,4.5148,1.8226,0.0028447
-0.51655,-1.1928,-0.46974,0.09415
-0.97697,-2.4454,-0.89509,-0.013345
-21.606,22.758,-27.823,-22.751
-45.685,-14.391,-17.177,-26.94
-24.008,-6.1243,-18.817,-17.34
-79.719,25.958,-24.443,-35.293
-35.087,2.8657,-1.0847,1.126
-30.596,-1.4731,-9.3108,6.7926
-12.481,-2.595,-8.4396,3.4065
-17.398,-2.7071,-4.7406,2.4758
-50.821,-3.3571,2.335,-22.427
-20.566,2.4079,10.086,-9.7254
-106.07,9.4216,10.251,-49.34
