0.79023,2.2685,-0.055048,-1.5196
0.27192,0.94392,-0.12468,-0.93554
-0.29605,-0.52811,-0.11066,0.074032
-0.50471,-1.0471,-0.1524,0.44389
0.23965,2.1221,-0.70767,-2.2033
-0.39084,0.3183,-0.58123,-0.326
-1.0142,-1.6575,-0.46503,0.43784
-134.4,45.043,-238.17,-262.19
-136.67,54.786,-255.72,-249.98
-142.63,38.353,-209.5,-227.3
0.29395,2.189,0.37943,-2.058
0.13295,1.5436,0.20536,-1.0984
0.011286,0.17364,-0.0069097,-0.23916
-0.17274,-0.54438,-0.19638,0.48972
0.16969,2.4715,0.33303,-1.8683
-0.29205,-0.76982,-0.33526,0.73026
-0.39537,-0.91807,-0.44327,1.0511
-41.743,-1.7213,-12.174,14.603
-33.224,48.848,-45.236,-58.498
-17.982,26.898,-20.596,-4.8302
-22.057,1.6716,-30.055,-20.45
-18.605,2.0006,-22.956,-10.207
-14.277,6.5045,-22.266,-13.065
-9.3396,-0.44361,-9.2577,-3.8696
-11.236,-1.5516,-11.455,-7.6207
-6.7423,-0.32091,-9.9961,-7.782
-6.8702,-0.91238,-9.2952,-6.3709
-83.793,-83.765,-83.686,-53.197
0.47382,1.7834,0.10297,-1.954
0.02424,1.7054,0.14319,-0.83207
-0.047479,1.1472,-0.012657,-0.0093705
-0.52907,-0.24372,-0.11004,0.57589
-0.075061,1.8257,0.13976,-1.7003
-0.67443,-1.8256,-0.41111,0.12452
-0.81611,0.42682,-0.10301,1.4032
-431.65,-11.294,-1.7232,-1.3703
-53.607,40.76,-44.094,-77.315
-137.87,89.345,-8.7864,-3.5246
-14.587,-0.71791,-15.691,-14.458
-24.337,-0.47211,-21.299,-18.447
-14.852,-2.721,-9.8463,-5.0656
-9.1746,-3.0579,-6.2001,-0.78724
-10.427,-2.5513,-10.783,-5.9504
-5.3647,-2.7364,-9.8663,-5.0308
-6.3504,0.51827,-14.279,-8.0946
-17.846,7.2468,-18.109,-14.233
0.5125,1.7206,-0.01356,-1.8703
0.066181,1.5863,0.080226,-0.85456
0.0069115,1.2595,-0.013176,0.063953
-0.62989,-0.40992,-0.055824,0.61304
-0.16819,1.5817,-0.088469,-1.946
-0.8746,-2.0654,-0.46387,-0.05646
-0.85263,0.38275,-0.052729,1.2176
-502.06,52.191,28.461,71.864
-0.046955,52.331,-38.969,-53.232
-191.28,189.98,-18.867,-17.212
-13.125,-4.21,-14.174,-6.2545
-16.556,-7.3824,-19.435,-14.034
-12.111,-4.7119,-14.805,-12.887
-7.8886,-4.8483,-11.727,-8.3995
-10.429,-3.2074,-15.119,-9.7605
-7.6242,-1.643,-7.7201,-1.9939
-9.6314,-5.4127,-10.448,-3.0435
-17.043,-5.8349,-20.798,-7.3087
0.27933,2.2482,0.41078,-1.9541
0.066139,1.1361,0.21102,-1.062
0.5709,0.78421,-0.18203,-0.36435
0.039852,-0.44115,-0.22898,0.52717
-0.19375,1.8746,0.30382,-1.7677
-1.1698,-1.5595,-0.32105,0.6907
0.08187,-1.0761,-0.50441,0.90277
-290.28,105.15,38.398,144.75
78.148,-51.504,-53.666,-71.805
-32.28,-11.849,-25.875,-14.346
-24.448,-2.7891,-23.776,-21.019
-18.956,-7.8376,-24.314,-17.628
-13.236,-4.6745,-16.376,-9.9959
-10.849,-3.4935,-10.241,-6.8194
-14.702,-1.5159,-15.748,-10.989
-10.907,-3.9648,-15.691,-9.6732
-6.1108,-3.48,-12.325,-7.808
-21.404,-0.86048,-27.826,-26.358
0.47865,1.7621,0.24052,-2.0357
-0.10959,1.6933,0.24973,-1.0482
-0.24403,1.3889,0.050426,0.02736
-0.39792,-0.56352,-0.1184,0.52824
-0.0037783,1.3431,0.13856,-2.0177
-0.36279,-2.3379,-0.65843,-0.20327
-1.1365,0.42942,-0.16697,1.1409
-495.17,-47.239,-22.761,-50.066
-102.71,-13.042,-62.586,-112.25
-276.01,41.842,-36.129,-97.788
-24.861,-1.1003,-25.559,-23.311
-15.105,9.2386,-28.219,-24.483
-20.499,7.8231,-30.925,-23.893
-10.839,1.9362,-13.844,-9.5945
-19.285,2.4908,-24.271,-21.051
-17.489,3.25,-25.942,-25.515
-13.484,0.68748,-21.263,-19.335
-34.569,3.5633,-44.339,-41.951
1.1434,2.2286,-0.073319,-1.1931
0.0056533,1.9013,0.0716,-0.50425
-0.14816,1.2585,-0.050413,-0.14827
-0.73703,-0.3673,-0.022317,0.34253
0.2252,2.1856,0.018833,-0.92884
-0.66009,-2.2655,-0.3847,-0.084384
-1.8354,0.15199,-0.033472,0.6326
-545.5,-169.38,-20.949,-48.696
-46.71,-66.064,-67.99,-110.44
-162.04,59.77,-2.2399,11.587
-23.839,7.1884,-24.02,-19.375
-17.5,9.0851,-14.155,-7.8232
-10.846,3.8432,-13.813,-9.3897
-8.7516,2.5558,-12.434,-10.494
-16.081,2.8993,-19.178,-14.474
-5.7399,11.902,-11.805,-8.7922
-7.2503,3.3534,-11.979,-8.1687
-21.779,4.2917,-25.077,-19.839
0.80128,1.9554,-0.0025616,-1.8106
0.045455,1.6997,0.088564,-0.8303
0.036487,1.109,-0.03192,-0.058421
-0.35634,-0.44429,-0.11811,0.32497
0.10169,1.8856,-0.07629,-1.7983
-0.63783,-1.8817,-0.39562,-0.0011604
-1.1058,-0.04388,-0.13034,1.0627
-442.53,-5.6789,-4.8271,-10.959
-36.97,-21.197,-61.88,-122.46
-128.05,131.52,-8.3186,-4.1283
-9.4374,8.4908,-12.826,-14.466
-13.841,6.5232,-27.131,-30.937
-10.496,0.96904,-17.117,-18.759
-7.2835,-0.51671,-12.678,-11.632
-10.247,0.011859,-17.769,-15.573
-6.3902,1.256,-12.778,-10.196
-8.3512,0.57279,-12.764,-11.29
-11.44,3.3568,-15.842,-13.761
0.54884,1.7292,-0.027074,-1.7152
0.29367,1.6445,0.068417,-0.7692
0.41656,1.1112,-0.076529,-0.10929
-0.51681,-0.23534,-0.035988,0.46561
-0.16942,1.9524,-0.02953,-1.6554
-1.3131,-1.5507,-0.29435,0.2443
-0.39091,0.43639,-0.12033,0.98964
-445.57,139.33,40.466,107.75
-17.397,75.572,-30.954,-44.623
-114.47,181.16,4.6837,45.84
-23.077,-2.1785,-23.091,-25.185
-18.582,-0.44065,-17.777,-18.337
-8.9741,0.17054,-12.224,-10.121
-8.5719,0.29828,-16.133,-15.358
-13.111,-0.13157,-20.683,-17.947
-11.244,-3.4063,-13.423,-10.907
-7.3702,-2.351,-10.62,-8.6398
-30.61,-3.4478,-36.313,-32.68
0.37039,1.8894,0.15302,-2.059
0.050343,1.4513,0.15081,-1.0654
0.17042,1.199,-0.07248,-0.15903
-0.22465,-0.2849,-0.11139,0.3486
-0.10352,1.7527,0.062467,-2.1439
-0.84124,-1.8824,-0.42089,0.12606
-0.52294,0.044545,-0.27089,0.94081
-455.3,40.285,36.457,90.593
-35.353,28.814,-45.607,-68.631
-141.24,118.01,10.207,48.73
-15.309,-3.8981,-20.344,-23.473
-8.5673,-2.3792,-17.748,-18.418
-7.7003,-3.348,-12.836,-7.9774
-3.6144,-3.9994,-9.3692,-7.4487
-7.2557,-1.2094,-13.85,-12.422
-6.6585,6.376,-16.801,-17.499
-7.7064,2.2181,-16.545,-17.896
-22.201,0.50084,-28.73,-33.546
0.61973,1.6533,-0.036813,-1.8297
-0.17755,1.6394,0.075231,-0.95145
0.18763,1.5208,-0.061471,-0.034164
-0.65437,-0.1313,-0.025949,0.41149
-0.478,1.5582,-0.10321,-2.0222
-1.2029,-2.0664,-0.41961,-0.20442
-1.1582,0.8108,-0.062534,0.9187
-652.73,5.3842,-6.5087,-24.607
-21.912,-40.622,-60.003,-105.96
-233.53,206.46,3.2538,22.951
-25.658,5.7454,-32.327,-23.223
-20.387,2.0005,-21.08,-14.766
-12.44,-0.99035,-15.099,-8.4434
-10.025,1.0195,-11.306,-5.1069
-17.429,3.758,-23.488,-16.798
-15.948,5.9398,-21.662,-15.007
-16.1,3.5048,-21.68,-16.071
-23.269,2.0094,-30.973,-25.872
0.59437,1.9271,0.040885,-1.5545
0.29233,1.4414,0.038844,-0.84343
0.41021,1.0316,-0.19432,-0.50349
-0.56244,-0.32039,-0.051303,0.48196
-0.037422,1.7813,0.056938,-1.2519
-1.5101,-1.557,-0.20308,0.6415
-0.50706,-0.019985,-0.23767,0.62171
-479.6,-97.346,11.908,40.017
23.693,29.918,-50.743,-83.67
-126.01,46.661,-24.769,-29.734
-16.506,3.2106,-22.158,-20.316
-16.777,-0.47922,-21.502,-18.418
-17.521,-0.52285,-22.467,-23.64
-7.7708,-0.081157,-8.7954,-7.8275
-8.5608,-0.61226,-10.457,-8.0945
-11.035,2.0264,-12.674,-7.762
-10.449,-0.5805,-10.032,-8.7717
-27.378,5.1968,-33.766,-29.59
0.20547,1.7588,0.077112,-1.8501
0.2192,1.5027,0.069141,-0.94795
0.68724,0.98421,-0.17597,-0.35114
-0.51588,-0.28256,-0.048458,0.59806
-0.58628,1.9649,0.078056,-1.6747
-1.7292,-1.4918,-0.17922,0.7092
0.13671,0.2864,-0.30763,0.88815
-473.54,139.13,57.934,169.55
-43.179,55.519,-11.174,-0.03126
-172.75,130.71,18.571,77.874
-22.489,4.9568,-29.617,-23.661
-18.877,0.21985,-24.967,-21.149
-14.348,3.1682,-19.109,-14.887
-13.188,0.47939,-15.681,-13.428
-13.728,2.4986,-18.359,-14.855
-15.67,-0.41611,-16.679,-14.564
-10.742,0.37993,-11.206,-7.1366
-14.126,5.3483,-16.199,-11.325
0.19485,1.9901,0.25345,-2.0012
0.099169,1.4541,0.15175,-1.0057
0.54975,0.92771,-0.15142,-0.48105
-0.3894,-0.27958,-0.11645,0.44734
-0.46919,2.0887,0.25747,-1.6793
-1.4405,-1.4914,-0.25803,0.78208
-0.017888,-0.18999,-0.42156,0.88169
-348.02,24.971,20.743,78.306
-5.9447,73.339,-39.818,-45.817
-94.979,118.71,3.096,63.287
-23.166,3.6368,-27.218,-25.934
-24.746,1.3393,-26.798,-22.506
-13.968,1.8205,-18.521,-10.732
-7.517,2.096,-9.4895,-5.6123
-11.809,0.45062,-16.303,-11.744
-15.263,0.11244,-15.943,-18.116
-11.454,0.78383,-14.353,-16.732
-12.987,-2.2848,-20.358,-18.636
0.45428,1.5502,-0.0046023,-1.9395
-0.086168,1.9086,0.13043,-0.86281
0.37081,1.3143,-0.056769,0.010872
-0.65285,-0.023324,-0.014931,0.62488
-0.64605,1.9302,-0.029906,-2.0577
-1.431,-1.4018,-0.34884,0.20245
-0.80757,1.1929,-0.058419,1.2577
-568.24,201.27,9.7771,40.795
-95.522,2.346,-71.827,-158.71
-131.68,200.54,13.117,100.61
-29.172,-0.58231,-32.982,-29.325
-21.062,-4.4152,-21.136,-21.567
-12.744,-4.2102,-14.618,-14.967
-10.747,-2.3389,-10.449,-8.4084
-17.164,1.0256,-20.989,-16.639
-11.494,-0.1305,-15.639,-13.356
-8.4675,-4.9495,-10.368,-4.9099
-13.257,-4.3748,-15.737,-9.0357
0.84553,2.0073,-0.072491,-1.4868
0.25941,1.6267,0.036893,-0.70423
0.31979,1.413,-0.078743,-0.15672
-0.48369,-0.48558,-0.070137,0.30431
0.046068,1.6143,-0.21173,-1.669
-1.2313,-2.2788,-0.39587,0.0078711
-0.80838,0.28311,-0.10346,0.79224
-576.45,73.286,26.184,64.556
4.9077,3.2716,-59.521,-87.352
-224.96,175.41,4.4303,27.379
-19.758,0.022004,-31.07,-23.597
-32.822,5.0939,-47.878,-41.259
-9.826,2.1155,-18.644,-15.255
-3.8577,1.0409,-8.953,-6.2245
-14.367,0.89702,-20.99,-17.448
-4.5623,-1.6305,-10.646,-8.4004
-3.7035,-5.979,-10.29,-4.6162
-26.057,-7.5322,-32.769,-28.667
0.73717,1.6928,0.035943,-1.7988
-0.25925,1.7678,0.11498,-1.0106
-0.33535,1.0856,-0.041577,-0.29219
-0.59128,-0.40163,-0.013164,0.51104
0.021114,1.7074,0.08799,-1.4267
-0.24404,-1.8959,-0.33578,0.3818
-1.787,0.51717,-0.20134,0.63574
-569.37,-335.64,-51.137,-69.995
-185.32,-122.38,-63.975,-150.6
-223.31,-45.196,-39.325,-75.813
-27.747,2.3271,-32.746,-30.401
-12.367,-3.9807,-26.356,-24.169
-9.5487,-1.8158,-17.577,-14.594
-11.235,-0.3279,-15.899,-13.887
-23.356,1.8979,-28.442,-24.755
-13.535,1.8147,-19.898,-14.665
-11.374,3.4493,-16.916,-13.205
-53.213,8.2856,-68.761,-61.823
0.39976,1.7808,0.21065,-2.026
-0.12929,1.6996,0.18229,-0.98449
0.057057,1.2088,-0.03747,-0.14462
-0.66314,-0.35616,-0.073093,0.5263
-0.42983,1.6973,0.19461,-1.8095
-1.1154,-1.9832,-0.5217,-0.052013
-0.94838,0.48575,-0.2303,1.1829
-484.2,-76.725,21.933,56.229
-119.23,-15.109,-46.337,-86.838
-198,166.85,2.6828,17.418
-18.148,8.9298,-23.806,-18.975
-15.742,3.873,-25.882,-19.753
-8.8352,-4.0022,-12.641,-6.8261
-3.6933,-3.0508,-6.6413,-1.4158
-6.2162,-0.9015,-8.5257,-3.5393
-8.7733,-0.073727,-11.987,-9.9868
-7.3737,4.5444,-12.954,-13.551
-23.843,14.467,-35.084,-36.508
0.62021,1.6726,-0.057786,-1.8487
0.2619,1.8106,0.095733,-0.72868
0.33655,1.3388,-0.058402,-0.032359
-0.45992,0.098224,0.028511,0.58315
0.098901,2.0681,-0.057997,-1.841
-1.1739,-1.3471,-0.22241,0.27334
-0.50888,0.99525,-0.059541,1.2371
-577.86,196.23,15.255,51.704
-124.04,93.384,-30.718,-51.613
-154,98.658,10.479,33.768
-19.147,-1.2564,-25.879,-20.246
-17.892,0.69437,-26.106,-24.961
-9.8975,0.74257,-12.995,-9.5192
-6.6159,1.7185,-7.1751,-4.9969
-8.813,0.29806,-10.086,-6.9143
-1.4448,-0.90726,-5.5654,-2.5085
-5.312,-3.431,-11.255,-5.9355
-18.215,-2.291,-25.462,-16.3
1.073,1.5694,-0.12395,-1.7275
-0.22223,1.7598,0.075992,-0.76538
-0.4235,1.3415,-0.018923,-0.11137
-0.58199,-0.63455,-0.044816,0.46221
0.25044,1.3367,-0.10264,-1.2427
-0.1941,-2.5025,-0.57146,-0.26356
-2.2343,0.61697,0.0017761,0.9737
-552.76,-282.96,-38.979,-63.857
-158.99,-123.2,-68.9,-117.29
-298.86,-5.4277,-41.75,-104.22
-27.113,4.2046,-33.342,-32.112
-15.821,6.3775,-22.988,-22.883
-8.4852,1.0411,-10.387,-9.7785
-7.1102,0.19548,-8.7461,-7.8809
-12.741,-0.27462,-16.686,-13.852
-9.4479,-3.2924,-10.059,-6.0192
-10.697,-2.8342,-10.01,-6.1084
-20.875,-0.69194,-26.416,-24.157
0.42542,1.6873,0.10581,-1.8928
0.056249,1.7243,0.11666,-0.98652
-0.10277,1.236,0.02095,-0.031778
-0.47397,-0.52892,-0.095228,0.47236
-0.10069,1.377,-0.063508,-2.0034
-0.60074,-2.1671,-0.53182,-0.089678
-0.78738,0.39924,-0.19351,0.98183
-528.08,-49.813,-8.0877,-21.226
-92.649,29.588,-67.3,-150.94
-246.61,114.86,-33.808,-93.048
-25.057,0.8187,-28.311,-26.86
-12.737,-1.9624,-26.147,-23.218
-8.1022,-2.3125,-16.077,-10.171
-13.174,1.414,-17.508,-11.489
-33.745,6.3955,-40.624,-35.782
-24.553,1.7676,-25.641,-24.523
-13.044,-0.69117,-13.048,-10.78
-29.669,3.9671,-36.834,-32.149
0.4684,1.9559,0.079964,-1.9214
-0.097295,1.6352,0.10744,-0.86009
0.044797,0.94931,-0.051043,-0.13279
-0.59555,-0.33493,-0.067881,0.47531
-0.25422,2.1192,0.10138,-1.7012
-0.93791,-1.6636,-0.36238,0.12889
-0.94678,-0.067071,-0.176,1.1783
-419.41,-71.706,30.538,79.634
-78.393,-0.25245,-53.005,-96.916
-125.24,143.03,-5.1974,6.949
-35.468,1.3656,-43.313,-43.827
-14.75,1.9806,-26.618,-25.739
-9.7036,-2.8295,-12.633,-9.5078
-8.6228,-1.6739,-9.3227,-5.6877
-7.653,-0.28494,-11.689,-8.3066
-19.969,1.2002,-25.222,-22.676
-13.121,-0.71989,-17.318,-15.745
-16.065,-6.8872,-26.762,-27.14
0.45791,1.8454,0.022029,-1.7954
0.2522,1.7222,0.049437,-0.87294
0.30834,0.84039,-0.15587,-0.33092
-0.49728,-0.12838,-0.018977,0.62202
0.035385,2.3246,0.050891,-1.4879
-1.2947,-1.0853,-0.13682,0.68292
-0.34342,0.26151,-0.18869,0.98714
-344.64,-2.193,14.342,87.494
-50.886,86.724,-33.639,-44.254
-80.826,37.626,-11.25,0.26732
-15.666,0.28907,-15.415,-11.777
-19.389,5.4795,-22.795,-22.771
-15.267,1.3542,-15.894,-16.249
-6.9384,-0.42182,-6.0349,-3.538
-7.7909,-1.7295,-9.2671,-6.2793
-12.57,-1.2934,-13.606,-11.407
-8.8987,0.042987,-9.0986,-4.7471
-12.995,-0.59257,-17.347,-12.078
0.54015,1.8215,-0.0040961,-1.6572
0.34443,1.7335,0.051211,-0.79541
0.55945,0.66286,-0.18332,-0.30517
-0.54609,-0.3254,-0.027738,0.5334
-0.10051,2.2976,0.021323,-1.4782
-1.7112,-1.0769,-0.10201,0.60266
-0.40925,0.12993,-0.29337,0.73955
-401.67,60.157,48.16,186.33
-89.859,89.682,-43.1,-78.183
-110.18,114.26,-14.349,9.6588
-10.251,-3.9166,-11.75,-7.1751
-20.167,-2.4701,-28.03,-25.047
-10.678,1.9435,-15.146,-12.64
-7.4039,-0.041072,-7.8849,-4.9791
-9.4611,0.85684,-9.3673,-6.7628
-3.5813,1.1611,-6.2053,-4.044
-6.4799,-0.28928,-9.1828,-5.0621
-17.477,-2.11,-30.1,-14.391
0.37658,1.6783,0.056473,-1.8437
0.24111,1.7283,0.066915,-1.0094
0.27232,1.0022,-0.054396,-0.010747
-0.47495,-0.4216,-0.071172,0.51275
-0.12084,1.6967,-0.069818,-2.0469
-1.2065,-1.7314,-0.33375,0.069017
-0.29411,0.44393,-0.19849,0.97106
-495.74,62.456,23.773,58.43
-122.93,26.471,-40.004,-79.12
-186.06,176.99,-16.126,-30.82
-22.868,3.6446,-27.489,-23.221
-13.221,2.4807,-19.808,-20.149
-19.115,2.279,-25.696,-24.211
-9.8123,0.20837,-12.202,-10.881
-15.533,1.7048,-18.751,-15.608
-13.18,-2.338,-17.536,-15.202
-6.8414,-2.0542,-11.561,-8.4523
-10.892,2.9044,-20.924,-9.7908
0.42547,1.7914,0.0023813,-1.615
0.37332,1.5614,0.028692,-0.85791
0.66746,0.70527,-0.21362,-0.50187
-0.49702,-0.30351,-0.016626,0.49256
-0.097539,2.1548,0.07982,-1.2727
-1.7293,-1.1244,-0.10006,0.74563
0.033326,0.088549,-0.29885,0.60128
-295.26,26.404,10.945,80.95
-74.484,67.955,-16.793,-16.318
-102.88,83.086,-17.321,3.3439
-16.58,-2.5853,-17.239,-16.667
-13.23,-4.6113,-15.629,-15.25
-7.5383,-2.6008,-11.318,-8.2405
-7.3148,-1.7351,-11.284,-9.0084
-14.441,-1.3827,-17.629,-14.276
-6.7115,-2.5368,-8.0706,-5.9513
-9.329,1.6156,-11.254,-10.978
-58.373,14.767,-74.728,-70.501
0.76721,1.7681,-0.043807,-1.7345
0.071623,1.6773,0.0833,-0.8552
0.11482,1.0446,-0.032679,-0.051234
-0.65392,-0.52442,-0.017101,0.60367
-0.0070401,1.7239,-0.065702,-1.6816
-1.1413,-1.8475,-0.37432,0.144
-1.1746,0.26044,-0.017322,1.0541
-392.83,10.374,32.803,116.21
-84.734,-31.458,-51.865,-104.24
-202.16,133.4,16.754,65.462
-27.194,3.2336,-34.907,-31.434
-12.069,-0.45552,-17.465,-14.956
-15.511,0.7649,-15.723,-12.229
-14.655,0.15252,-16.984,-11.852
-17.776,0.89334,-25.463,-14.996
-15.719,0.94728,-20.28,-16.391
-8.4336,-2.9068,-13.38,-9.8567
-18.245,1.4367,-24.745,-22.03
0.31726,1.788,0.26923,-2.0233
0.03511,1.6168,0.21166,-1.0177
0.087979,1.158,-0.023071,-0.018065
-0.55632,-0.60114,-0.18017,0.64573
-0.23845,1.5045,0.15531,-2.0978
-1.0141,-2.168,-0.52751,0.11685
-0.6328,0.14347,-0.2651,1.2802
-516.31,10.467,46.604,135.56
-55.655,8.8792,-31.789,-71.334
-200.17,178.18,-0.35703,12.193
-11.514,-2.5597,-18.487,-8.8132
-7.0023,-0.78733,-18.095,-8.1541
-7.6704,0.2985,-12.682,-8.3863
-3.8647,0.12321,-9.7971,-6.374
-5.1315,0.15963,-11.246,-6.8204
-8.0399,-1.3832,-12.127,-9.2271
-8.2923,-3.2808,-12.244,-6.2183
-12.429,-4.4739,-20.038,-13.762
0.63205,1.9003,-0.029272,-1.8051
0.15678,1.753,0.05378,-0.8769
0.2454,0.77526,-0.065497,-0.053172
-0.59817,-0.51353,-0.049712,0.48904
-0.054739,2.0421,-0.083724,-1.877
-1.2211,-1.5223,-0.28165,0.12554
-0.77341,-0.034373,-0.089997,1.1082
-409.79,27.081,51.518,144.7
-111.94,18.574,-49.681,-117.53
-101.47,173.2,-11.29,-4.2506
-26.387,1.3592,-35.834,-33.52
-19.258,-1.8233,-25.594,-20.58
-13.057,-0.44644,-19.112,-16.483
-10.39,-2.7598,-15.074,-12.988
-13.246,0.61578,-16.368,-14.09
-8.0459,2.2768,-12.447,-9.5117
-8.1823,0.047213,-11.042,-7.3127
-9.2638,1.093,-13.974,-9.719
0.47175,1.6979,0.054736,-1.901
0.0018237,1.811,0.13128,-0.92757
-0.051218,1.0059,-0.0604,-0.060047
-0.63371,-0.44037,-0.056396,0.53617
-0.14443,1.7396,0.045331,-1.8772
-0.91228,-1.7404,-0.37702,0.015103
-0.97765,0.50564,-0.13086,1.0949
-398.13,-72.061,0.83217,15.943
-124.69,34.901,-69.372,-135.45
-204.05,140.29,-10.673,-16.268
-22.755,0.19248,-30.251,-26.987
-12.476,1.5794,-18.079,-12.555
-9.253,1.8702,-13.548,-9.5415
-6.8168,-1.0016,-9.4357,-6.2871
-10.852,-1.2485,-13.483,-11.007
-6.9916,-0.12799,-9.5906,-8.662
-8.487,-0.47442,-10.987,-9.1609
-60.652,10.693,-71.632,-65.489
0.51186,1.4672,-0.068017,-1.7891
0.026001,2.3709,0.098097,-0.7772
0.30177,1.014,-0.069335,-0.0045098
-0.92616,-0.19312,0.02219,0.71901
-0.51024,2.031,-0.019623,-1.7012
-1.6577,-1.1454,-0.31848,0.16072
-1.0436,1.6097,-0.033444,1.2247
-564.22,78.282,11.941,49.171
-234.95,41.716,-87.398,-212.63
-154.58,203.84,19.372,83.459
-16.006,4.2226,-25.897,-21.92
-13.533,1.15,-20.012,-20.48
-5.5207,1.3572,-11.57,-11.797
-5.5413,0.66048,-8.9443,-8.052
-7.9048,-0.16759,-10.238,-7.6884
-6.214,0.35963,-8.2301,-6.0692
-11.456,-0.66749,-11.824,-8.3932
-9.4992,1.783,-17.632,-12.211
0.42835,1.7717,0.028829,-1.7825
0.22483,1.8141,0.081911,-0.86062
0.33253,0.90909,-0.092464,-0.12079
-0.61011,-0.39068,-0.050415,0.67785
-0.20312,2.0892,0.042372,-1.7206
-1.3568,-1.5012,-0.26152,0.41038
-0.45508,0.39451,-0.15266,1.0762
-433.21,73.865,40.572,106.59
-49.457,94.598,-49.374,-84.541
-150.47,158.16,4.5095,41.648
-39.389,7.9971,-39.623,-41.058
-12.913,3.6027,-15.559,-9.9674
-6.2354,2.424,-11.467,-7.6291
-4.9963,1.6994,-10.814,-7.3259
-17.258,4.134,-24.014,-19.201
-14.99,2.2863,-17.735,-13.427
-12.86,-1.8574,-11.48,-6.8008
-27.879,3.4948,-27.556,-24.885
0.54164,1.6398,0.050862,-1.7826
-0.011161,1.6568,0.076036,-1.0474
-0.2059,1.1199,-0.028542,-0.022911
-0.59766,-0.69221,-0.090204,0.60697
0.095115,1.2777,-0.073688,-1.8106
-0.479,-2.3559,-0.45951,0.031691
-1.1342,0.34053,-0.19769,0.75397
-529.74,-205.84,-25.232,-36.529
-90.84,-52.221,-47.692,-73.318
-265.03,58.599,-52.02,-127.91
-15.514,2.0279,-17.663,-14.23
-7.0017,2.0851,-11.909,-6.9447
-5.2411,1.8298,-10.112,-7.1887
-9.4714,0.45466,-10.865,-7.6617
-13.26,0.19603,-16.918,-13.48
-7.1363,0.87739,-12.589,-8.2314
-6.5081,1.6674,-11.105,-9.8829
-15.112,1.9481,-15.516,-12.039
0.30586,1.8202,0.070462,-1.8749
0.071419,1.741,0.12806,-0.89295
0.34849,0.8636,-0.13135,-0.15341
-0.55752,-0.37307,-0.0537,0.66414
-0.39306,2.1353,0.074023,-1.861
-1.4271,-1.4851,-0.30929,0.33995
-0.36827,0.21446,-0.11701,1.1945
-383.05,120.95,28.194,106.59
-74.292,101.13,-33.899,-30.858
-145.81,152.31,13.924,76.375
-15.206,0.68772,-18.221,-13.757
-13.094,-1.4794,-13.773,-10.091
-11.304,-1.8172,-13.467,-9.2059
-8.6427,-1.2855,-10.03,-4.9461
-13.477,1.0324,-16.706,-12.032
-8.1815,-2.3347,-13.235,-9.377
-10.998,-2.3738,-14.304,-12.243
-12.93,2.7952,-17.952,-14.688
0.45999,1.7879,0.10291,-1.9845
-0.27333,1.8435,0.18784,-0.99129
-0.14983,0.72438,-0.04839,0.064768
-1.0297,-0.36131,-0.043754,0.75274
-0.5026,2.1307,0.2038,-1.8906
-1.1211,-1.428,-0.37056,0.022356
-1.4887,0.23623,-0.013555,1.2978
-351.14,-142.2,21.946,93.111
-95.501,-7.6097,-64.881,-146.05
-119.32,212.41,14.872,68.44
-20.6,2.3699,-26.258,-22.599
-14.413,1.6279,-17.428,-17.591
-16.888,-1.2613,-16.768,-14.473
-11.96,-2.6745,-13.053,-11.385
-13.31,-1.0274,-16.041,-13.364
-9.7818,-0.077923,-12.662,-10.259
-10.765,-1.136,-16.741,-12.697
-20.043,-0.15267,-28.262,-20.677
0.51554,1.6917,0.074874,-1.7746
-0.08964,1.7311,0.097708,-0.91656
0.052082,0.91534,-0.13659,-0.20154
-0.70829,-0.63543,-0.10825,0.69293
-0.2311,1.642,0.06958,-1.4746
-0.93291,-2.0557,-0.36264,0.32548
-1.2143,0.31604,-0.17951,0.95474
-507.09,-161.69,-3.8223,21.193
-74.748,-11.617,-53.706,-101.64
-234.02,56.886,-27.399,-76.443
-16.332,1.5846,-21.035,-16.584
-14.806,1.7353,-21.168,-16.811
-12.837,1.313,-18.27,-14.564
-10.075,0.37026,-14.218,-10.647
-15.612,2.3558,-20.869,-15.935
-13.302,2.8483,-18.7,-15.801
-13.197,2.1088,-16.944,-15.695
-5.194,0.69763,-9.2428,-6.4673
0.22214,1.7277,0.11558,-1.9189
0.184,1.8624,0.1373,-0.93915
0.4956,0.89696,-0.11453,0.055679
-0.43573,-0.31099,-0.12064,0.80035
-0.37534,2.0865,0.062204,-2.103
-1.4316,-1.51,-0.27987,0.27536
-0.085455,0.63669,-0.19732,1.2242
-549.41,192.03,43.245,126.71
-81.228,69.554,-24.185,-32.072
-108.63,184.84,-2.0427,31.854
-25.921,3.7949,-31.52,-30.482
-11.075,-1.0282,-16.166,-10.894
-10.441,1.6807,-16.064,-12.597
-8.9044,-0.54842,-14.967,-11.353
-10.848,-0.25821,-16.982,-13.488
-10.118,-2.1056,-14.035,-8.4746
-9.9027,-4.1547,-12.558,-7.7862
-33.15,-0.39934,-38.273,-35.568
0,0,0,0
0,0,0,0
0,0,0,0
0,0,0,0
0,0,0,0
0,0,0,0
0,0,0,0
0,0,0,0
0,0,0,0
0,0,0,0
0,0,0,0
0,0,0,0
0,0,0,0
0,0,0,0
0,0,0,0
0,0,0,0
0,0,0,0
0,0,0,0
0,0,0,0
0,0,0,0
0,0,0,0
0,0,0,0
0,0,0,0
0,0,0,0
0,0,0,0
0,0,0,0
0,0,0,0
0,0,0,0
0,0,0,0
0,0,0,0
0,0,0,0
0,0,0,0
0,0,0,0
0,0,0,0
0,0,0,0
0,0,0,0
0,0,0,0
0,0,0,0
0,0,0,0
0,0,0,0
0,0,0,0
0,0,0,0
0,0,0,0
0,0,0,0
0,0,0,0
0,0,0,0
0,0,0,0
0,0,0,0
0,0,0,0
0,0,0,0
0,0,0,0
0,0,0,0
0,0,0,0
0,0,0,0
0,0,0,0
0,0,0,0
0,0,0,0
0,0,0,0
0,0,0,0
0,0,0,0
0,0,0,0
0,0,0,0
0.63127,1.8507,-0.060854,-1.3328
0.41723,1.1953,-0.04308,-0.90003
-0.36775,-0.7437,-0.11369,0.24537
-0.66254,-1.3918,-0.18206,0.73016
0.42685,2.5132,-0.56635,-2.1412
-0.50953,-0.078823,-0.55583,-0.17249
-0.71804,-1.0286,-0.46065,0.34122
-103.66,15.56,-142.72,-147.34
-88.605,28.05,-136.24,-118.55
-88.341,30.318,-134.32,-136.93
-42.302,12.553,-1061.4,508.63
-27.773,5.1858,-651.18,305.76
-22.14,2.8207,-390.38,160.75
-30.801,3.8052,-264.87,63.569
-68.977,12.698,-294.49,-10.245
-55.437,10.242,-240.34,-2.9407
-38.827,8.1702,-237.98,18.446
-47.512,11.627,-652.68,232.35
0.57961,1.831,-0.034923,-1.6599
0.21222,1.7166,0.048087,-0.8241
0.015344,0.28754,-0.054102,0.22913
-0.65674,-0.95779,-0.11135,0.80707
0.26843,2.1161,-0.067389,-1.9138
-0.80775,-1.4571,-0.25797,0.10891
-0.81754,-0.45298,-0.10936,1.0693
-255,33.837,2.3376,26.672
-61.203,82.559,-38.222,-41.593
-146.77,126.29,-4.2896,10.324
-7.3731,5.5387,-17.781,-15.753
-9.4412,3.6625,-19.736,-17.479
-11.043,1.0968,-17.759,-13.066
-6.897,2.0738,-11.93,-9.5347
-12.621,4.6656,-16.294,-14.179
-8.3564,2.0994,-11.151,-10.178
-10.297,3.0506,-12.839,-10.082
-5.9411,2.3777,-9.7409,-7.1861
0.59767,1.4112,-0.075722,-1.5222
-0.0094226,2.1716,0.086114,-0.7098
0.071446,0.77942,-0.089429,0.10814
-1.1878,-0.62408,-0.0067454,0.95575
-0.10855,1.7063,-0.091098,-1.6235
-1.4017,-1.8995,-0.32159,0.027317
-1.595,1.0834,0.024772,1.1341
-551.24,-94.424,1.9159,20.504
-99.833,4.3143,-44.815,-95.412
-282.2,170.13,14.818,33.437
-19.913,-6.0044,-20.953,-15.16
-12.018,0.90749,-15.911,-12.049
-5.606,1.4036,-10.443,-6.0132
-6.1694,0.4583,-10.339,-5.5052
-13.118,3.2805,-18.151,-14.971
-8.7115,1.0911,-13.746,-13.678
-10.439,1.1087,-14.043,-12.415
-42.549,5.008,-50.721,-43.188
0.80852,1.5292,-0.065418,-1.2731
-0.13014,1.8664,0.036145,-0.8127
-0.49759,0.9871,-0.040829,0.088483
-1.0562,-1.3268,-0.088,0.82449
0.38155,1.1979,-0.1378,-1.2585
-0.26086,-2.8423,-0.59296,-0.32797
-1.9549,0.044487,-0.11934,0.527
-591.29,-348.53,-1.2971,59.919
15.762,-52.523,-41.229,-49.976
-361.61,-35.769,-57.215,-137.51
-11.374,1.3615,-9.5026,-5.9694
-10.508,-2.0975,-9.2466,-8.0558
-8.2005,-1.1378,-11.575,-9.338
-6.6463,-1.189,-9.9321,-7.4296
-12.368,-0.88284,-13.68,-10.983
-8.8149,-0.20685,-9.1754,-6.8534
-8.7773,-1.318,-7.8442,-5.3149
-16.797,-0.38958,-16.073,-11.77
0.60843,1.5013,-0.086252,-1.5513
0.09178,1.9292,0.048835,-0.80334
-0.0057196,0.65301,-0.038387,0.24388
-1.0196,-1.1441,-0.078697,0.82405
-0.038762,1.4003,-0.15656,-1.8273
-1.0705,-2.1842,-0.38198,-0.09174
-1.2423,0.21343,-0.027067,0.97739
-452.75,-28.442,-2.6519,11.566
-54.932,25.506,-85.448,-172.44
-285.42,191.66,-36.566,-104.68
-35.054,-1.716,-45.705,-45.383
-17.957,-2.6852,-20.682,-20.596
-14.444,-2.5636,-16.305,-15.028
-10.964,-3.4169,-14.814,-13.961
-20.996,-0.77528,-26.154,-24.123
-9.951,-1.9701,-12.085,-9.0534
-10.231,1.1067,-9.8788,-6.5723
-20.448,2.0375,-32.12,-24.392
0.18655,1.4336,0.15189,-1.7709
-0.14569,1.9223,0.2277,-1.0115
0.0023521,0.79865,-0.12592,0.24517
-0.8943,-1.0341,-0.19651,0.96594
-0.49953,1.3646,0.13548,-2.1684
-1.073,-2.3321,-0.54675,-0.17962
-1.1176,0.47306,-0.16464,0.91675
-489.29,-95.037,24.662,76.545
-83.892,17.46,-63.297,-128.5
-289.44,220.59,-18.592,-38.282
-25.317,2.8185,-31.807,-32.385
-21.201,3.7936,-26.612,-22.675
-20.8,4.968,-28.396,-22.431
-15.382,2.8323,-20.92,-15.161
-26.976,5.7428,-35.978,-28.657
-14.004,1.6529,-17.865,-14.523
-15.748,3.4197,-20.088,-16.081
-48.242,13.607,-63.371,-57.357
0.27596,1.5377,0.031142,-1.3288
0.48178,1.924,0.038872,-0.88052
0.41225,0.76847,-0.15646,0.13388
-0.85931,-0.71226,-0.067429,0.97051
-0.28971,1.8493,-0.046654,-1.7501
-1.704,-1.8952,-0.29418,0.21221
-0.22222,0.77961,-0.1222,0.78502
-513.25,130.54,50.364,156.69
33.582,41.115,-37.999,-51.219
-297.34,224.29,20.592,77.373
-19.373,-4.0805,-27.554,-20.838
-10.46,-8.0659,-18.663,-13.827
-7.8122,-6.7553,-11.413,-8.2537
-7.597,-5.4767,-10.343,-7.6869
-9.0778,-3.5002,-13.25,-9.1132
-11.956,-0.46805,-13.209,-9.4812
-11.531,-0.44558,-13.888,-12.691
-19.209,-9.0347,-23.544,-17.876
0.11566,1.369,-0.0022362,-1.6362
0.36269,2.1123,0.067094,-0.82979
0.4294,0.7158,-0.12823,0.17452
-0.67457,-0.71242,-0.13525,1.0317
-0.62124,1.6524,-0.073601,-2.0532
-1.4873,-1.8449,-0.33785,0.2259
-0.13866,1.1122,-0.16847,1.1185
-585.58,201.2,25.866,83.33
-82.12,127.19,-59.399,-125.47
-195.54,213.95,-9.5568,18.472
-23.105,-4.4401,-30.625,-27.744
-18.5,-0.15526,-23.266,-19.547
-11.445,-1.1381,-15.587,-8.6758
-7.1585,-1.3868,-7.7981,-3.2937
-15.006,1.471,-17.519,-13.9
-7.2404,0.56904,-9.7295,-4.7626
-10.516,-3.9252,-13.973,-10.798
-10.672,-9.4849,-15.413,-10.908
0.12459,1.2943,0.059081,-1.6071
0.086621,2.0728,0.12162,-0.82341
0.32841,0.79219,-0.12435,0.18858
-0.77569,-1.0178,-0.19193,1.022
-0.63717,1.3402,0.043582,-1.8528
-1.3881,-2.2584,-0.45197,-0.03057
-0.60433,0.84028,-0.15282,1.1206
-551.37,28.477,32.21,72.143
-77.952,15.184,-43.992,-90.068
-294.34,252.29,-12.488,-23.512
-13.529,3.5243,-20.524,-17.586
-16.265,-2.9218,-22.227,-17.296
-22.805,1.6066,-29.883,-22.618
-17.68,0.81545,-22.172,-15.948
-37.91,3.9357,-49.73,-40.606
-10.929,-2.5472,-11.794,-7.3517
-11.927,-2.7057,-12.298,-11.67
-17.944,4.2225,-18.135,-17.041
0.33773,1.4616,0.020218,-1.5428
0.053301,1.871,0.061336,-0.95501
-0.24107,0.91593,-0.039789,0.26458
-0.7885,-1.0549,-0.13968,0.94108
-0.021729,1.1374,-0.16963,-2.0017
-0.57537,-2.511,-0.49877,-0.12422
-0.84648,0.26972,-0.15373,0.77726
-511.64,-129.82,-21.41,-48.933
2.4785,63.888,-55.634,-97.89
-305.85,91.384,-52.561,-138.3
-34.003,2.9476,-44.096,-44.29
-17.594,-0.61168,-21.682,-18.918
-11.477,-1.9084,-14.371,-10.523
-8.7189,-2.0019,-9.99,-6.9245
-22.191,2.4464,-27.443,-24.685
-11.643,2.9116,-10.587,-8.9007
-13.667,3.9723,-12.757,-12.185
-40.27,4.6808,-47.793,-48.541
0.27103,1.3189,0.00043636,-1.5591
0.10307,2.1017,0.10927,-0.76195
0.055024,0.98283,-0.062776,0.32624
-0.92188,-1.0754,-0.15095,0.99575
-0.28591,1.0717,-0.16012,-2.1147
-1.0794,-2.7144,-0.55192,-0.31142
-0.78429,0.80571,-0.10136,1.0391
-601.3,11.268,11.009,23.18
-47.235,61.196,-27.91,-54.832
-370.08,235.49,-19.161,-59.219
-24.027,3.9723,-30.273,-23.149
-12.703,2.2994,-18.336,-13.902
-12.45,2.1893,-17.411,-11.539
-7.8578,-1.1537,-10.039,-5.6976
-12.027,-0.94213,-14.54,-11.201
-6.7568,-0.2802,-7.0021,-2.7628
-9.9674,2.7655,-12.26,-7.0089
-8.3066,5.0943,-13.157,-7.7387
0.35374,1.2643,-0.048256,-1.4579
-0.17153,2.081,0.094403,-0.7337
-0.23395,1.0676,-0.0062485,0.36404
-1.2904,-1.109,-0.16203,0.83666
-0.37327,0.90332,-0.22432,-1.865
-0.6817,-2.8335,-0.65331,-0.49217
-1.6438,0.81195,-0.048267,0.91354
-626.23,-155.59,-40.461,-102.05
12.201,-17.628,-85.305,-177
-282.07,303.7,-39.12,-84.232
-23.603,3.0954,-28.461,-25.172
-26.437,1.9251,-36.092,-26.593
-20.837,2.5351,-28.226,-22.413
-12.115,-0.14677,-14.926,-12.598
-16.279,0.88433,-21.258,-18.366
-9.7501,2.0342,-12.395,-13.726
-12.6,-0.38271,-17.586,-15.849
-18.01,1.7617,-20.038,-17.714
0.43608,1.1737,-0.046265,-1.3914
-0.062915,1.9491,0.059645,-0.82233
-0.31235,0.89369,-0.013177,0.33109
-1.1074,-1.2151,-0.13784,0.86861
0.055371,0.89599,-0.20164,-1.7962
-0.58562,-2.815,-0.57186,-0.28541
-1.4915,0.51352,-0.13723,0.67556
-527.19,-185.26,-0.14006,24.727
-19.94,17.847,-54.481,-105.7
-364.66,148.68,-55.447,-156.95
-27.504,3.4576,-32.565,-29.982
-11.162,-1.3162,-14.753,-10.389
-8.4194,-1.0299,-13.927,-10.225
-10.911,-0.853,-15.78,-12.81
-18.913,2.1205,-27.015,-21.099
-7.0659,-1.6596,-12.308,-10.002
-7.4671,-3.2146,-7.7567,-2.8095
-10.679,0.26752,-12.653,-6.699
0.55251,1.2631,-0.044487,-1.3864
-0.066946,1.9672,0.072333,-0.74794
-0.242,0.82128,-0.059796,0.19155
-1.0116,-1.1271,-0.077074,0.96925
0.042902,1.0478,-0.13784,-1.5948
-0.65156,-2.5792,-0.52334,-0.2094
-1.4327,0.50008,-0.018834,0.99859
-499.15,-120.59,-31.632,-77.177
-82.284,15.946,-61.849,-125.78
-353.6,60.264,-45.289,-124.07
-10.786,0.2835,-16.936,-15.239
-6.7999,-0.72621,-11.041,-9.2493
-7.6749,-0.15388,-12.821,-11.552
-7.188,0.5558,-9.3408,-6.3342
-16.837,1.3426,-21.161,-17.731
-14.947,-1.3041,-16.032,-13.981
-10.009,-3.5273,-9.3236,-5.6789
-10.366,-0.87147,-11.036,-8.6564
0.49589,1.4341,-0.0062073,-1.4278
-0.10503,2.2196,0.094134,-0.72182
-0.07064,0.95223,-0.11599,0.15131
-1.1189,-0.8001,-0.076324,1.0809
-0.18121,1.3473,-0.040935,-1.5277
-0.98597,-2.3852,-0.47309,-0.22715
-1.5184,0.9933,-0.0038332,1.1133
-698.11,-163.5,-40.52,-95.514
-12.409,11.69,-54.084,-99.529
-314.32,133.1,-31.112,-107.49
-21.889,-0.0033966,-27.157,-25.274
-14.6,-5.9013,-17.404,-14.257
-13.486,-3.2084,-15.686,-11.953
-9.7777,-1.4899,-12.76,-9.2263
-10.003,-0.6829,-13.38,-10.163
-5.4597,0.23159,-8.7148,-5.7179
-13.764,7.4164,-17.834,-14.885
-14.809,6.7255,-16.459,-13.675
0.68983,1.5641,-0.060907,-1.1942
0.11516,1.8803,-0.00036638,-0.80463
0.11137,0.63369,-0.088409,0.21103
-0.98906,-1.5009,-0.12822,0.76855
-0.065269,1.4134,-0.18272,-1.6755
-1.3877,-2.3826,-0.45839,-0.28884
-1.173,-0.28089,-0.07129,0.73293
-522.63,-96.104,11.893,48.959
13.486,-86.481,-79.465,-126.07
-353.5,185.53,-101.15,-257.5
-15.985,2.4608,-18.159,-18.961
-14.684,8.8452,-19.687,-16.275
-15.867,2.5933,-19.492,-16.507
-9.7311,2.3314,-12.006,-11.039
-16.463,2.5264,-22.545,-22.07
-12.298,2.7349,-17.149,-17.032
-7.5418,0.91319,-11.564,-10.902
-7.1032,-4.6825,-9.9262,-11.964
0.25274,1.2201,0.040459,-1.5
-0.028443,2.0343,0.070481,-0.8755
-0.18063,0.91078,-0.0663,0.28192
-0.79683,-1.1937,-0.20694,1.0523
-0.092835,0.84343,-0.1086,-1.9025
-0.55563,-2.7766,-0.60097,-0.2062
-1.0605,0.66231,-0.29067,0.79121
-687.26,-141.51,-14.503,-39.813
-43.881,7.6151,-56.041,-108.31
-331.6,100.68,-30.772,-90.597
-16.114,0.62951,-25.554,-21.656
-11.177,0.74748,-14.042,-10.115
-10.557,4.599,-16.619,-12.707
-3.9563,3.1762,-10.6,-8.6217
-11.622,3.7566,-20.02,-17.747
-10.526,1.6182,-14.155,-8.8246
-10.09,1.3547,-11.343,-7.7062
-6.627,-0.89998,-11.235,-7.8984
0.29288,1.5121,0.010729,-1.4063
0.12827,1.9724,0.028454,-0.81854
-0.26497,0.792,-0.069566,0.28744
-0.96784,-1.323,-0.15779,0.95765
0.042291,1.1781,-0.16393,-1.8847
-0.74944,-2.767,-0.51344,-0.22252
-0.83678,0.089115,-0.22832,0.76437
-493.74,-115.77,-7.4515,-24.816
-5.6969,97.304,-79.235,-135.93
-341.12,135.19,-48.355,-132.61
-15.461,1.3424,-19.443,-19.605
-7.047,-2.6874,-11.619,-7.1782
-7.5103,-1.4496,-13.353,-7.1753
-7.8958,-1.3387,-9.0594,-2.4862
-13.397,0.32267,-17.861,-12.947
-10.844,3.2093,-17.249,-13.717
-7.3385,0.60123,-10.239,-9.3907
-19.983,3.9165,-22.582,-21.66
-0.025839,1.221,0.11502,-1.7386
0.021328,2.3464,0.18979,-0.69336
0.37183,0.7344,-0.21747,0.21256
-0.8671,-0.8018,-0.23031,1.292
-0.95747,1.4422,0.11655,-1.9469
-1.4418,-2.264,-0.45621,-0.070662
-0.7143,1.4537,-0.1756,1.5632
-655.95,126.62,-8.5461,-9.942
-76.057,101.65,-67.922,-130.31
-324.42,277.06,4.5292,39.643
-20.93,0.23851,-25.787,-19.559
-11.781,1.6786,-16.576,-11.905
-12.168,-1.4958,-16.916,-10.819
-5.8248,-0.7023,-11.439,-5.9725
-10.395,-1.9424,-15.163,-10.557
-8.7449,-0.33054,-10.287,-7.1456
-15.669,2.6848,-17.55,-12.468
-39.526,7.593,-51.071,-43.601
0.45752,1.1623,-0.05482,-1.3767
-0.13125,2.1966,0.071962,-0.74521
-0.1582,0.67972,-0.10847,0.16905
-1.1212,-1.2107,-0.14534,0.96423
-0.1374,1.1183,-0.085451,-1.4905
-0.80836,-2.6923,-0.58364,-0.36583
-1.6418,0.82873,-0.096943,0.89459
-642.18,-219.43,-18.48,-40.128
-83.375,-25.754,-61.323,-137.04
-335.39,132.51,-35.452,-110.2
-16.15,3.0766,-23.591,-25.269
-8.5719,-0.1185,-13.864,-13.2
-8.7008,0.65553,-12.351,-10.613
-8.8237,0.83384,-11.697,-10.643
-11.848,1.3231,-15.725,-12.726
-14.066,-2.3262,-14.551,-11.249
-11.257,-2.2667,-13.251,-13.246
-24.55,-2.0813,-30.398,-27.689
0.25661,1.3418,-0.053067,-1.5461
0.37617,2.1383,0.039167,-0.74372
0.17425,0.63303,-0.10984,0.26386
-0.79512,-1.063,-0.15336,1.0247
-0.22202,1.4463,-0.13286,-1.9697
-1.2623,-2.2396,-0.40365,-0.079085
-0.44627,0.74188,-0.11662,1.121
-562.81,99.738,21.804,51.505
-18.752,99.005,-46.072,-88.341
-304.01,238.74,-1.8686,4.233
-10.167,0.89813,-21.475,-16.141
-7.9124,-0.8954,-11.31,-8.1437
-8.14,-2.9036,-12.944,-9.0125
-11.038,-0.19727,-14.941,-12.611
-12.439,1.4222,-15.436,-12.715
-5.2703,-1.0595,-5.5905,-0.63773
-4.5463,0.69585,-6.4914,-3.5075
-6.1138,1.4929,-11.578,-7.8055
0.20541,1.3175,0.071093,-1.494
-0.17038,1.9268,0.13704,-0.89809
-0.41184,0.83267,-0.063634,0.28145
-0.94717,-1.2702,-0.18097,1.0255
-0.033712,0.99157,-0.03203,-1.8449
-0.32339,-2.723,-0.56923,-0.1712
-1.1768,0.26466,-0.1358,0.76139
-546.3,-186.91,-30.506,-65.744
-14.664,120.13,-66.948,-134.49
-349.3,52.701,-38.922,-109.76
-27.033,3.2422,-33.137,-29.17
-12.504,0.82859,-17.18,-14.093
-10.286,0.91226,-12.649,-9.3606
-8.1009,0.3099,-12.574,-10.873
-17.631,1.9407,-22.683,-20.07
-12.011,1.7972,-16.565,-10.982
-14.985,1.6624,-19.349,-14.696
-20.36,4.9252,-27.446,-21.691
0.52917,1.5633,-0.019009,-1.0588
-0.050127,2.062,0.016572,-0.75668
-0.42585,0.75809,-0.091046,0.061205
-1.2411,-1.4273,-0.096867,0.87224
0.27421,1.3625,-0.10341,-1.2362
-0.39066,-2.8543,-0.46058,0.13269
-1.5674,0.17922,-0.1452,0.39456
-592.44,-335.56,-39.291,-53.827
47.457,44.543,-63.445,-127.64
-377.92,11.52,-47.136,-123.11
-19.691,9.573,-26.497,-18.003
-16.758,4.1792,-16.976,-13.178
-12.412,3.7292,-14.009,-10.178
-10.569,3.8708,-9.4589,-5.7228
-13.175,3.0602,-14.996,-12.84
-11.804,4.1446,-14.393,-10.808
-10.391,-0.15471,-11.281,-7.4057
-7.9534,1.5627,-10.16,-7.1191
0.44238,1.1234,-0.073462,-1.3255
0.16266,2.0619,0.019809,-0.78845
-0.13769,0.94964,-0.066077,0.24999
-0.87511,-1.2714,-0.15704,0.96311
0.12145,0.75041,-0.24666,-1.7416
-0.64639,-2.9433,-0.55707,-0.22832
-0.91132,0.76563,-0.10901,0.79723
-688.14,-98.001,-35.074,-90.683
-41.204,49.546,-60.995,-106.42
-374,95.587,-86.814,-222.93
-19.695,3.0056,-26.613,-28.076
-20.469,2.8579,-29.645,-24.921
-14.815,2.166,-22.918,-17.68
-6.2561,-0.0803,-9.6755,-7.4877
-10.257,0.45047,-11.985,-8.5019
-8.6314,0.12015,-10.308,-10.375
-9.3963,-2.3398,-9.5448,-11.105
-8.9816,-1.194,-13.169,-10.045
0.35919,1.124,-0.091587,-1.3269
0.28617,2.1984,0.0060393,-0.78451
-0.070116,0.81207,-0.066746,0.24561
-0.97731,-1.3163,-0.14851,0.89337
0.012332,0.87253,-0.24162,-1.7931
-0.94941,-2.7681,-0.49069,-0.22293
-0.70688,0.82834,-0.17107,0.67133
-610.64,-36.417,-30.963,-92.749
-63.59,50.137,-55.811,-135.32
-367.41,148.73,-47.448,-137.55
-18.129,-3.1196,-24.523,-21.955
-10.137,-0.46559,-14.896,-11.652
-10.966,0.52307,-12.509,-11.452
-6.3917,-0.44599,-7.9358,-6.0462
-12.422,-0.91885,-14.695,-12.063
-12.929,-2.0301,-11.032,-4.8651
-8.54,-1.8056,-8.1546,-6.3286
-14.172,2.2684,-17.537,-14.435
0.39865,1.2338,-0.057046,-1.3821
0.043265,1.9026,0.063191,-0.76164
-0.13824,0.78422,-0.063208,0.26786
-1.064,-1.1873,-0.13832,0.90348
-0.033947,1.0627,-0.17951,-1.7628
-0.80809,-2.5241,-0.5528,-0.2437
-1.2573,0.49418,-0.076171,0.82796
-510.93,-54.093,-30.599,-71.039
-42.487,61.952,-67.838,-144.11
-250.92,181.06,-18.876,-61.278
-20.7,0.5939,-27.066,-20.418
-9.8034,0.82956,-11.729,-9.0693
-7.0466,-0.30839,-8.3279,-6.7376
-11.109,-0.8302,-11.422,-10.503
-21.995,1.0429,-24.948,-22.144
-11.18,0.91919,-14.771,-12.11
-8.0669,-1.6161,-11.65,-9.3842
-11.536,-4.2074,-13.422,-8.3097
0.10372,1.2985,0.090424,-1.3839
-0.015179,2.0592,0.10959,-0.90434
0.24103,0.39753,-0.18101,0.18314
-1.0014,-1.0505,-0.18462,1.2203
-0.59953,1.571,0.095283,-1.7245
-1.4335,-1.943,-0.34691,0.28951
-1.0698,0.68683,-0.13295,0.92492
-472.03,-98.796,29.879,95.392
-67.749,16.83,-60.863,-140.2
-250.04,165.99,12.738,27.292
-26.275,3.0406,-33.202,-25.84
-15.673,-3.3048,-16.242,-12.467
-8.7189,-1.903,-8.9345,-6.505
-9.4753,-1.84,-9.4576,-5.1298
-14.432,-0.52958,-16.052,-11.751
-19.552,1.5823,-23.61,-20.056
-10.115,1.9415,-12.896,-11.573
-10.596,-0.80027,-12.063,-9.0108
0.53509,1.4456,-0.033085,-1.0646
0.18227,1.8306,-0.01966,-0.8493
-0.63541,0.57537,-0.0747,0.08463
-0.95203,-1.7111,-0.16086,0.87317
0.75512,1.1655,-0.18721,-1.2977
-0.076188,-2.7471,-0.48313,0.25658
-1.0138,-0.3623,-0.27006,0.27653
-531.15,-290.62,-13.766,26.82
62.305,134.95,-63.535,-134.77
-383.84,-108.12,-98.235,-214.61
-28.671,1.3818,-33.223,-28.193
-15.732,-2.6653,-16.919,-13.349
-11.531,-2.3864,-11.783,-10.672
-6.6776,-2.3208,-9.1495,-9.4397
-12.356,0.53631,-19.097,-17.787
-12.566,-3.011,-11.041,-7.3103
-9.4892,-2.297,-11.306,-7.2355
-19.591,-0.11396,-25.142,-18.425
0.35762,1.0874,-0.06679,-1.3234
0.21058,1.9683,0.0062355,-0.80743
-0.02573,0.67001,-0.086544,0.20493
-0.94123,-1.4241,-0.16724,0.94946
-0.0056313,0.83905,-0.13738,-1.6242
-0.94818,-2.7458,-0.46094,-0.0097656
-0.88577,0.47938,-0.20503,0.66271
-564.95,-104.89,-4.152,-15.685
-18.891,32.456,-38.285,-74.954
-384.06,119.04,-47.826,-129.68
-19.916,5.4285,-27.273,-29.099
-11.861,-1.795,-12.936,-12.029
-14.712,4.1432,-18.694,-16.994
-8.4311,-0.42638,-10.356,-11.319
-10.586,-0.86643,-15.484,-15.808
-15.375,-1.9054,-16.533,-18.507
-10.299,-2.4555,-12.381,-7.6263
-36.164,4.6297,-41.244,-39.746
0.19749,1.4078,0.019213,-1.3118
-0.021167,2.0001,0.07432,-0.73353
-0.12794,0.61182,-0.076992,0.3154
-1.1315,-1.381,-0.13132,1.1623
-0.20471,1.2484,-0.11257,-1.7228
-1.0053,-2.6662,-0.48966,-0.2292
-1.1627,0.14073,-0.14802,0.94259
-508.35,-125,19.633,67.736
-62.217,4.2121,-46.243,-68.725
-308.83,173.03,-11.953,-37.617
-25.18,1.8912,-34.948,-35.392
-14.598,-2.7284,-14.418,-12.781
-7.4965,-5.4548,-11.274,-9.1815
-5.7347,-3.744,-9.2272,-7.0369
-11.499,-0.71827,-15.457,-12.751
-8.9547,-1.2544,-8.0247,-4.9119
-14.732,1.2867,-13.417,-11.43
-39.041,8.2693,-51.641,-48.585
-0.17236,1.2209,0.19475,-1.5094
-0.010073,2.1763,0.18521,-0.88379
0.30118,0.52239,-0.2299,0.25783
-0.96241,-1.1531,-0.33945,1.3582
-0.9508,1.3572,0.19336,-1.9534
-1.5017,-2.3331,-0.47478,0.10205
-0.73718,0.90414,-0.31168,1.0799
-571.28,-45.92,28.493,72.741
-64.688,49.941,-45.992,-107.07
-313.9,247.67,11.426,36.41
-22.88,5.8907,-26.267,-20.855
-9.7323,-1.6922,-13.952,-7.1718
-8.5277,-1.9605,-10.832,-6.9385
-7.5697,0.4721,-12.27,-9.0365
-16.899,2.2069,-23.236,-19.192
-10.927,1.2717,-17.463,-14.247
-12.017,1.0359,-15.103,-11.551
-19.187,1.1007,-24.346,-21.381
0.54406,1.4584,-0.032459,-0.87753
0.24143,2.298,0.0053185,-0.60012
-0.18251,0.46389,-0.13721,0.0099136
-1.1073,-1.5893,-0.17631,0.67238
0.34041,1.5644,-0.10836,-1.0603
-0.84452,-2.8621,-0.45521,-0.057524
-1.1361,0.41471,-0.20955,0.30244
-636.26,-184.55,-19.909,-44.721
-53.644,56.87,-46.272,-103.22
-328.79,56.143,-27.571,-83.208
-15.506,-0.90239,-16.787,-14.387
-10.188,3.0178,-10.495,-7.4822
-10.102,3.3577,-9.756,-5.5321
-9.3699,5.0365,-14.051,-10.139
-11.189,3.2682,-15.805,-12.354
-16.298,3.7193,-16.657,-13.677
-13.012,1.4119,-12.386,-11.897
-23.774,4.5288,-25.862,-21.423
0.45643,1.3114,-0.01821,-1.2438
0.069827,1.9565,0.055136,-0.70058
-0.22597,0.46077,-0.066965,0.32076
-0.90804,-1.3876,-0.17901,1.0716
0.25436,1.2916,-0.1294,-1.6409
-0.51051,-2.4753,-0.47878,-0.15513
-1.0996,0.059101,-0.11912,0.94368
-551.11,-131.44,-32.35,-66.065
18.915,26.08,-45.586,-77.665
-287.12,78.964,-43.974,-115.43
-17.68,3.5059,-23.506,-21.53
-7.4039,2.3845,-8.9272,-5.1046
-7.3021,2.5849,-11.989,-7.6711
-6.8658,2.067,-9.5339,-5.6889
-13.049,3.5019,-16.099,-13.987
-9.3905,2.7913,-12.646,-10.456
-8.4987,-0.12194,-9.9144,-8.5566
-11.444,-2.6796,-18.667,-13.429
-0.046029,1.2831,0.0052395,-1.3881
0.11643,1.8804,0.052535,-0.7667
-0.070297,0.56145,-0.056608,0.48852
-0.95871,-1.2728,-0.15914,1.246
-0.30313,1.2445,-0.14966,-2.0552
-1.0818,-2.4629,-0.45999,-0.14835
-0.64813,0.23373,-0.19621,0.96932
-484.91,-9.8719,8.2376,35.951
0.6917,102.99,-59.007,-84.696
-283.99,234.09,-6.4834,-23.853
-27.038,3.994,-33.591,-32.124
-8.8378,-4.4282,-15.101,-13.122
-5.6722,-1.6328,-9.3685,-4.9371
-7.0583,1.478,-11.018,-7.5078
-10.049,0.60619,-15.649,-12.092
-8.6631,1.3304,-10.852,-6.7673
-7.877,2.1394,-12.099,-6.6177
-30.517,6.405,-39.66,-35.927
-0.10526,1.4994,0.37649,-1.5258
0.1511,2.1645,0.28571,-0.72506
0.064711,0.35033,-0.2556,0.42504
-0.57618,-1.2181,-0.59572,1.4379
-0.2954,1.7483,0.42862,-2.0482
-0.9735,-2.2433,-0.54261,-0.046093
-0.14917,0.47041,-0.46644,1.3868
-476.65,75.825,4.8276,20.684
-55.696,124.01,-23.311,-28.093
-267.5,187.33,7.6519,11.702
-21.513,0.56781,-28.305,-23.603
-9.159,-0.58447,-14.277,-10.626
-7.5957,0.56178,-12.823,-7.9552
-7.5273,0.25854,-11.631,-7.3607
-12.631,1.2676,-17.066,-11.735
-7.7532,-3.699,-8.2968,-3.9456
-6.2848,0.46605,-9.5963,-4.8002
-10.65,2.5301,-15.981,-12.438
0.26497,1.3664,-0.023953,-0.98382
0.22139,2.2068,0.022839,-0.60089
0.2772,0.38004,-0.20416,0.096034
-1.3286,-1.4464,-0.11271,0.99992
-0.48629,1.6622,-0.076101,-1.3582
-1.7734,-2.3914,-0.38459,-0.095339
-1.1785,0.54397,-0.033673,0.84845
-652.93,-27.769,-5.5314,-11.486
8.051,9.6537,-32.943,-51.016
-302.87,225.17,-5.6679,-33.287
-12.587,1.8757,-17.425,-14.009
-15.317,1.6602,-19.014,-16.003
-12.864,-1.6397,-17.38,-15.238
-7.1581,-2.1457,-9.1496,-6.9693
-7.5296,0.65456,-10.29,-7.3553
-4.9589,0.28548,-9.1648,-8.0184
-8.6117,0.97699,-11.414,-10.616
-10.949,3.9274,-15.719,-11.883
0.43172,1.3828,-0.077171,-1.1042
0.19153,2.036,0.012197,-0.65181
-0.1459,0.18945,-0.10928,0.18707
-1.091,-1.6467,-0.15964,0.91092
0.20166,1.6674,-0.1299,-1.4307
-0.85662,-2.3502,-0.42491,-0.010414
-1.1394,-0.020935,-0.14394,0.66396
-513.55,-118.22,-21.998,-40.449
12.369,57.551,-56.859,-104.02
-291.6,92.38,-28.965,-74.756
-12.446,-1.1166,-14.906,-17.581
-10.622,0.66969,-10.71,-8.6237
-18.011,1.1597,-19.089,-12.11
-9.3647,2.5615,-11.763,-7.681
-6.9529,0.38299,-10.477,-7.9945
-10.161,-2.2461,-10.707,-7.3278
-6.681,-0.75271,-10.192,-7.1876
-22.964,3.8508,-31.381,-28.052
0.099563,1.2948,-0.027728,-1.0634
0.30456,2.1178,0.00060401,-0.69714
-0.1473,0.30497,-0.074093,0.32751
-1.2857,-1.4735,-0.12094,1.0241
-0.11958,1.438,-0.2116,-1.6973
-1.252,-2.2601,-0.4057,-0.066162
-0.93116,0.33581,-0.15379,0.61416
-525.57,-78.851,21.199,54.734
-43.362,74.574,-55.018,-135.11
-254.61,217.65,-3.6387,-15.945
-23.377,2.0576,-32.004,-29.21
-9.3943,-2.2724,-14.501,-11.705
-8.4635,-0.078404,-14.082,-10.546
-6.6652,-2.4106,-8.7762,-5.8081
-7.1486,-0.73398,-10.058,-7.014
-6.0963,-1.1129,-9.824,-7.1327
-3.0538,-0.040987,-5.2458,-2.7493
-7.0101,-0.25843,-10.138,-7.5094
0.13373,1.2223,-0.050397,-1.0246
0.23218,2.2173,0.024061,-0.64783
0.06696,0.35529,-0.10632,0.28857
-1.3472,-1.5043,-0.11157,0.97885
-0.37111,1.4533,-0.15047,-1.5587
-1.4977,-2.3596,-0.42757,-0.16179
-1.1914,0.44415,-0.095368,0.56667
-533.58,-58.695,25.339,75.507
10.267,35.692,-70.961,-152.55
-360.93,275.19,-0.45823,-7.8703
-26.338,-5.3481,-32.151,-29.573
-16.324,0.322,-17.178,-18.753
-15.214,-1.1124,-16.305,-13.661
-8.0124,-2.1101,-11.28,-9.7023
-10.145,-1.0823,-14.472,-12.548
-10.678,1.0511,-12.159,-12.445
-5.4507,-1.7564,-10.294,-8.3431
-16.054,-0.38545,-22.131,-17.251
0.66077,1.3766,-0.028134,-0.75596
-0.017528,2.0926,0.025282,-0.60901
-0.64356,0.25494,-0.058949,0.18055
-1.1187,-1.8823,-0.178,0.72032
0.8721,1.5364,-0.14992,-1.021
0.027527,-2.7365,-0.55429,-0.13176
-1.5329,-0.25947,-0.18668,0.1774
-562.65,-277.74,5.1318,81.437
19.375,28.266,-55.431,-109.26
-342.42,-83.227,-53.104,-107.61
-33.375,8.6286,-42.078,-38.796
-11.139,0.88782,-13.606,-9.9188
-13.064,-0.83345,-15.832,-11.782
-9.9927,-0.6191,-16.682,-12.581
-20.835,0.66746,-28.068,-21.314
-11.784,0.77152,-15.821,-12.256
-23.602,3.7587,-28.863,-28.422
-26.009,5.3086,-34.809,-32.982
