-3.233,-2.3874,-1.2752,-1.1876
-1.6335,-1.5611,-0.86463,-0.90729
-1.7525,-1.3666,-0.60076,-0.73775
-2.5997,-1.9775,-1.0883,-1.0149
4.5094,2.8579,2.383,2.1422
-0.63278,-0.24777,0.32462,0.23749
-2.2719,-1.5034,-0.72188,-0.43964
176.07,-92.269,-4.1116,-47.483
-71.483,-116.07,-18.962,-32.786
129.35,-102.17,46.018,-94.379
-0.804,-48.204,28.171,11.171
-6.7507,-45.192,23.785,20.699
-5.6383,-29.45,16.179,6.6914
-6.2292,-15.134,6.4049,3.228
2.0812,-71.241,41.182,25.842
-6.1395,-16.463,7.476,5.5142
-5.3113,-24.548,11.733,-0.33251
6.6791,-105.08,52.504,24.081
-4.3621,-2.0583,0.39748,-2.6614
-1.7756,-0.97031,0.013399,-1.1131
-2.1348,-1.0255,0.41865,-1.3798
-3.6298,-1.8704,0.17124,-2.2959
5.2922,2.0367,-0.04942,3.3918
-0.99199,-0.38786,0.70765,-0.53724
-3.701,-1.8429,0.22258,-2.2099
76.142,-49.903,-67.102,47.912
17.608,-53.477,-5.7813,-7.4933
85.447,-26.77,-14.901,23.067
-3.9419,-25.769,24.317,13.125
-3.3163,-23.354,21.334,2.6053
-4.7963,-21.994,14.456,2.5146
-4.6287,-11.935,4.5337,-2.6348
-2.3899,-99.282,54.774,17.727
-2.642,-23.064,11.878,2.1549
-2.9595,-15.004,5.118,0.14722
3.3332,-137.31,76.502,52.473
-3.2016,-2.6667,-1.6393,-1.303
-1.2732,-1.3353,-0.76675,-0.76873
-1.5312,-1.2732,-0.65639,-0.59516
-2.3454,-2.0347,-1.2328,-1.0667
3.7818,2.7257,2.3288,2.0132
-0.90356,-0.51283,-0.018452,0.10263
-2.5929,-2.1385,-1.2789,-0.8339
162.76,-58.824,28.967,-63.841
-25.929,-81.558,-3.8536,-59.857
90.429,-4.6603,41.31,-7.5286
-5.856,-26.284,12.287,14.379
-3.735,-32.59,19.811,16.316
-6.1707,-35.144,18.641,10.757
-5.7715,-9.5055,5.0267,-1.0233
4.608,-81.622,47.007,25.265
-5.0394,-10.092,5.7216,-0.48826
-5.2204,-11.267,4.449,0.1308
-8.5907,-72.809,31.732,11.858
-4.1818,-2.7913,-1.1875,-1.6686
-1.8509,-1.424,-0.63344,-0.87287
-1.5318,-0.92912,-0.12785,-0.47675
-2.0871,-1.4722,-0.6174,-0.91937
4.4896,2.496,1.6968,2.107
-1.0143,-0.39573,0.33429,0.0090117
-2.9434,-1.9907,-0.87779,-1.0623
187.87,-67.108,-32.254,-33.126
3.1752,-71.995,19.324,-47.306
98.376,-28.908,14.174,-10.184
1.4399,-30.094,17.309,5.6163
-7.314,-29.704,18.396,11.772
-6.028,-18.806,12.439,4.8586
-4.5085,-9.836,5.0214,-1.2412
1.8592,-98.205,57.528,25.253
-5.634,-7.7594,3.4137,-3.212
-4.2505,-9.4021,6.2719,-1.8605
-2.2096,-60.411,37.433,1.1243
-4.1802,-2.7513,-1.1497,-1.6249
-1.8539,-1.5755,-0.69812,-1.028
-1.6421,-0.94415,-0.18984,-0.43843
-2.0044,-1.4024,-0.58184,-0.87329
4.5341,2.6321,1.7463,2.2776
-1.2038,-0.43604,0.32765,0.1502
-2.7709,-1.7285,-0.70418,-0.87673
173.96,-7.5148,23.768,-12.171
-49.53,-61.86,-13.031,-29.581
107.68,-6.0524,52.315,-12.568
-6.3213,-23.879,14.52,5.498
3.6277,-42.955,21.684,8.9129
-0.95609,-29.63,12.081,3.8467
-4.3978,-17.417,7.2298,-1.1834
-1.3968,-57.258,31.214,12.134
-4.3577,-10.279,4.3501,0.54156
-4.2877,-15.169,5.452,-2.3318
-2.7328,-73.626,29.565,16.674
-4.4415,-2.47,-0.48208,-2.1263
-1.8697,-1.2385,-0.38637,-0.99357
-1.8797,-0.95319,0.014246,-0.80508
-2.5479,-1.616,-0.39579,-1.3712
4.858,2.3219,0.97418,2.5938
-1.2498,-0.41801,0.45982,-0.26587
-3.1484,-1.8392,-0.39442,-1.5696
114.78,-49.453,-19.036,-12.695
-15.22,-15.767,23.698,-11.415
123.83,9.2581,6.4028,19.204
-3.101,-37.782,23.681,17.739
-5.5201,-23.924,11.727,10.133
-2.5507,-14.988,5.6751,0.71068
-3.7713,-9.1732,2.5143,-2.7116
-4.4211,-22.136,13.797,5.219
-5.3017,-9.312,4.671,-0.18748
-4.4605,-9.9974,7.1033,2.398
12.171,-256.82,180.64,182.48
-2.9508,-3.1868,-2.105,-1.601
-1.2953,-1.6608,-1.0177,-0.98769
-1.0476,-1.0639,-0.60127,-0.38588
-1.3321,-1.5796,-0.98417,-0.87763
3.1821,2.9655,2.5876,2.1522
-0.78539,-0.54661,-0.15182,0.2613
-2.0483,-2.1585,-1.4319,-0.96817
146.06,-18.182,75.43,-55.304
-36.693,-54.451,-25.016,-19.074
109.7,43.852,75.677,12.056
-2.4037,-25.731,11.145,14.723
0.80211,-30.383,24.928,11.514
-3.5484,-15.71,12.042,2.637
-4.4965,-8.2552,4.9038,-1.5124
-2.249,-23.311,11,-0.37781
-4.7703,-7.7444,2.1387,-1.367
-5.4087,-15.052,10.572,3.7863
-2.2355,-54.315,29.426,33.52
-5.3982,-2.6025,0.1803,-3.2305
-2.4377,-1.4678,-0.15433,-1.5889
-1.4981,-0.56516,0.59679,-0.86218
-1.1716,-0.60988,0.10368,-0.79433
5.1615,2.1711,0.46763,3.4057
-1.6931,-0.45959,1.0224,-0.81758
-3.4031,-1.5835,0.097275,-1.7684
218.15,-65.337,-92.531,57.332
-67.625,-39.42,9.738,-22.127
84.788,8.3403,14.6,13.685
-2.7656,-32.371,21.862,8.9309
-3.6178,-30.621,13.827,0.88431
-1.4412,-25.651,12.215,2.585
-4.5686,-14.765,4.5761,-0.29952
1.5793,-54.494,30.287,15.423
-3.8903,-12.58,6.6953,-1.1863
-4.0706,-13.599,5.4206,0.68916
7.1475,-100.13,61.977,20.28
-5.5479,-2.6874,0.46623,-3.4567
-2.5018,-1.4137,0.070782,-1.6659
-1.5233,-0.55723,0.60478,-0.78894
-0.97957,-0.53083,0.11023,-0.69344
5.2201,2.1515,0.056184,3.5021
-1.9025,-0.54858,0.96189,-0.8134
-3.418,-1.7286,0.21626,-2.0701
162.36,-17.246,-31.49,48.361
-36.138,-31.078,2.4301,-18.315
73.511,21.824,27.762,32.343
-4.7378,-30.348,10.799,0.25351
-4.5154,-31.593,15.134,3.2152
-4.9712,-15.522,7.3137,3.5764
-5.4991,-8.6107,4.2652,0.49961
-1.9652,-21.653,14.192,0.60902
-5.3559,-9.6406,4.8093,-2.7586
-5.1564,-13.28,8.0866,-1.689
-2.3163,-55.73,24.23,0.57249
-5.4109,-2.6141,0.42799,-3.3753
-2.5024,-1.3159,0.071885,-1.5594
-1.6123,-0.65761,0.4753,-0.88203
-1.3218,-0.81069,-0.0063244,-0.91941
5.3075,2.1147,0.05604,3.4133
-1.7196,-0.54426,0.94704,-0.82221
-3.2942,-1.7079,0.18854,-2.1035
99.086,-16.893,-34.969,56.004
-9.0884,-0.92051,33.882,-2.7985
107.86,16.563,0.21739,41.337
0.067957,-27.677,12.188,7.3603
-1.5421,-29.395,10.601,12.833
-3.0468,-9.569,3.5243,2.1564
-4.5654,-8.7936,3.7261,-1.1114
-4.5101,-18.379,7.0621,5.2014
-3.0783,-9.8604,4.3212,-2.0235
-4.3862,-15.276,7.9867,0.4428
-3.5928,-19.025,12.571,1.4266
-5.3381,-2.6725,-0.020603,-2.9819
-2.6105,-1.5207,-0.14592,-1.5758
-0.92757,-0.42782,0.33265,-0.52687
-0.89715,-0.59608,-0.087187,-0.59115
5.2454,2.1912,0.54344,3.1348
-0.84846,-0.29397,0.74361,-0.40211
-3.4282,-1.5956,0.10976,-1.6425
124.81,-66.548,-92.79,71.204
-35.042,-53.94,8.5026,-43.26
111.08,-5.6369,-31.351,54.539
-0.34539,-31.868,16.439,1.131
-4.5285,-32.063,17.432,7.2252
-3.8146,-16.241,5.7456,4.8812
-3.5978,-9.7258,4.9421,-1.4908
-4.3226,-20.998,14.45,1.854
-3.3752,-10.336,5.3487,0.19149
-4.4809,-16.604,8.2785,-0.56935
-0.0036426,-44.108,19.277,8.3758
-5.6403,-2.6741,0.47346,-3.5683
-2.8274,-1.4818,0.15104,-1.8713
-0.83303,-0.18176,0.76952,-0.46441
0.10158,0.031637,0.13896,0.031139
5.3664,2.1516,0.11521,3.5765
-1.5649,-0.3661,1.1774,-0.81573
-3.4004,-1.653,0.16448,-1.9504
239.32,-63.372,-81.172,43.422
-46.57,-33.479,2.2826,-24.042
69.662,-2.0328,-2.1419,17.121
-2.368,-33.847,16.853,5.016
-0.7386,-40.047,24.777,7.9351
-4.0952,-14.885,11.83,0.6756
-3.4702,-9.7047,5.7467,-1.0976
-3.3241,-23.453,11.544,2.6512
-5.1968,-12.082,5.5445,0.69018
-5.9782,-14.051,6.764,0.71034
-4.6006,-45.94,18.568,-1.2824
-5.6959,-2.6348,0.56148,-3.6115
-2.9258,-1.4295,0.26713,-1.9215
-0.48346,-0.12675,0.50039,-0.23592
0.48476,0.11142,-0.039739,0.26009
5.4794,2.1199,-0.07763,3.6649
-1.3104,-0.42048,0.89602,-0.65106
-3.4736,-1.6134,0.29684,-2.0808
128.13,-43.881,-47.942,26.871
-21.833,-33.591,-4.2337,-21.802
74.417,-2.7409,-5.9295,26.62
-2.8559,-21.585,15.529,0.50899
4.0406,-48.878,31.661,0.36178
-2.4601,-17.223,14.808,-0.69711
-4.0923,-9.2597,6.0256,-1.247
-4.888,-21.998,12.203,0.24505
-5.6827,-9.5193,5.4237,0.086222
-5.6862,-13.458,7.9357,2.2919
-0.818,-29.253,24.744,3.3544
-5.636,-2.7292,0.41003,-3.4683
-2.7666,-1.427,0.1948,-1.8085
-0.642,-0.25391,0.49209,-0.41982
0.030199,-0.10562,-0.037579,-0.060537
5.3203,2.1248,0.037964,3.4502
-1.1916,-0.44175,0.85415,-0.68616
-3.5671,-1.7081,0.20664,-1.9732
131.93,-67.431,-94.872,49.559
-6.3453,-43.226,-18.899,-14.427
84.726,0.0026604,-24.059,48.54
-5.3628,-39.63,14.383,9.5015
2.1756,-44.046,22.069,11.476
-2.0828,-21.272,8.1102,2.1174
-5.0509,-8.9103,2.9929,-0.1507
-1.1842,-24.543,10.951,-1.915
-3.1799,-12.22,5.1477,-2.9958
-6.5202,-16.807,6.0489,1.3402
3.3839,-215.92,100.43,37.088
-5.5502,-2.605,0.50104,-3.3457
-2.957,-1.719,0.077312,-2.0145
-0.22935,-0.098408,0.59667,-0.23599
0.41408,-0.027809,-0.1184,0.16089
5.5658,2.2144,0.37342,3.6155
-0.7629,-0.22464,1.2914,-0.45913
-3.2903,-1.2711,0.57784,-1.5394
148.58,-102.36,-140.73,66.368
-94.378,-99.24,-5.7922,-59.001
133.19,-41.075,-35.929,28.357
-3.2728,-52.305,29.348,1.7595
-1.6159,-42.834,21.226,-5.0698
-2.1956,-23.199,11.73,-5.8989
-2.6972,-13.568,6.9037,-1.2198
-2.5436,-18.257,9.4265,1.3572
-4.2284,-13.542,6.3862,-3.7301
-3.2201,-20.129,7.3412,0.24461
1.4709,-61.085,24.827,6.8989
-5.325,-2.5768,0.25712,-3.2635
-2.8689,-1.4002,0.20474,-1.8169
-0.13029,0.11311,0.67023,0.12079
1.6047,0.60604,0.12821,0.9459
5.1913,2.1207,0.2512,3.4834
-1.6871,-0.38284,1.0739,-0.73332
-3.3851,-1.7133,0.027494,-1.8542
230.31,-48.386,-62.505,67.454
-35.129,-44.973,10.051,-52.446
65.814,21.012,20.807,37.077
-3.4238,-45.485,32.372,3.5823
-5.4347,-32.833,23.375,3.1654
-5.2534,-20.903,10.743,1.4423
-2.6673,-17.144,6.4778,1.3074
-4.1239,-23.812,10.349,2.7547
-4.1825,-11.579,6.3162,0.53099
-4.2604,-20.908,10.138,2.7098
3.43,-75.702,38.109,10.994
-4.3441,-2.937,-1.2446,-1.7981
-2.4967,-1.6677,-0.66289,-1.016
-0.054387,0.20092,0.49138,0.49306
1.6078,0.78655,0.53157,0.58212
4.3645,2.6063,1.7584,2.2684
-1.6042,-0.46899,0.33615,0.29222
-2.672,-1.832,-0.80529,-0.97016
227.76,-22.963,40.891,-34.724
-50.564,-51.507,-2.7733,-35.555
118.93,39.302,74.089,18.596
0.43533,-32.079,6.9525,1.9033
-5.6947,-26.993,16.99,15.701
-6.2015,-11.976,7.0067,3.8154
-4.5637,-8.5965,3.9944,1.2561
-3.2674,-26.584,11.987,1.2814
-5.06,-15.31,6.2958,-2.7043
-5.3186,-18.498,5.0275,0.81604
5.8692,-65.252,26.453,11.833
-5.4946,-2.5801,0.57593,-3.4183
-3.1456,-1.4598,0.42132,-1.9771
0.0070696,0.007977,0.38561,0.088718
1.595,0.53846,-0.11983,0.97092
5.6491,2.1349,-0.2207,3.6702
-1.5041,-0.58596,0.82522,-0.80453
-3.2438,-1.5721,0.24921,-1.909
99.042,-38.883,-38.564,23.853
1.5846,-32.329,0.58419,-16.594
65.006,1.1564,-8.5709,36.369
-6.0506,-34.75,9.5004,2.6296
-1.4138,-37.874,20.507,2.7472
-3.4441,-15.803,9.4688,1.8689
-3.5831,-11.697,6.6648,-0.064503
-4.0829,-18.244,11.87,-0.99821
-5.9462,-11.609,7.34,-2.0975
-4.9048,-18.613,6.1995,1.8104
0.10792,-50.732,14.647,11.738
-3.5537,-3.2237,-2.0324,-1.642
-1.9884,-1.8176,-1.1076,-0.92788
-0.0040701,0.18941,0.38178,0.54516
1.2349,0.82671,0.75803,0.49557
3.5732,2.7703,2.4833,2.1629
-1.1809,-0.54286,0.022082,0.50226
-2.2198,-2.0579,-1.2845,-0.9152
224.05,-0.7093,102.25,-53.941
-43.918,-82.332,-5.0994,-13.544
106.06,43.6,96.282,20.11
-3.9816,-33.006,11.159,3.4662
4.3934,-36.773,21.284,3.1207
-1.464,-21.661,10.034,-0.91387
-4.9229,-14.936,5.6178,-1.4279
-6.2953,-17.592,11.381,1.6892
-4.7891,-12.266,6.6975,-0.20194
-7.0835,-16.019,6.8407,2.7786
-0.39347,-57.896,31.406,-1.4245
-4.6026,-2.353,-0.13365,-2.557
-2.6934,-1.3319,0.14632,-1.5281
0.69802,0.4994,0.72591,0.62994
2.7923,1.1684,0.32287,1.5661
5.0714,2.2337,0.7333,3.0891
-1.4215,-0.24914,1.0599,-0.4326
-3.2401,-1.7092,-0.23829,-1.5294
275.34,-71.031,-68.048,23.705
-38.737,-53.209,-12.784,-34.204
90.25,-7.22,5.0463,12.066
-4.7001,-35.475,19.673,14.383
-1.9443,-39.448,26.049,21.599
-4.5259,-19.83,12.698,5.185
-4.4715,-9.9617,4.6827,-1.9359
-3.2861,-19.036,11.037,3.3439
-4.809,-10.669,5.7229,-1.2687
-5.9863,-14.302,7.1805,2.6232
-4.9371,-47.871,22.429,7.5665
-3.989,-2.5448,-0.86255,-1.7932
-2.5565,-1.4945,-0.35209,-0.98347
0.54179,0.52474,0.69515,0.75842
2.8054,1.3733,0.73947,1.1898
4.5035,2.5169,1.5256,2.4188
-1.8276,-0.48143,0.51851,0.1583
-2.7969,-1.7952,-0.68511,-1.0911
248.24,-15.223,23.747,-11.616
-50.352,-50.227,-6.4274,-34.482
121.39,38.14,68.637,27.776
-3.5203,-37.111,15.487,7.0626
-11.218,-35.671,28.449,11.15
-7.3937,-13.139,10.129,1.1508
-5.5586,-9.6416,5.1999,-0.46051
-4.0836,-17.934,8.3765,2.3709
-3.8644,-16.388,7.3732,0.9933
-5.1128,-17.504,12.002,1.5146
-4.0275,-72.814,59.768,26.25
-4.1103,-2.6527,-0.90969,-1.8703
-2.5178,-1.4801,-0.34081,-0.9848
0.59979,0.43524,0.55499,0.51921
2.6488,1.3187,0.68228,1.1502
4.5956,2.4222,1.4732,2.2506
-1.4847,-0.55593,0.3796,-0.15388
-2.9031,-1.9836,-0.75672,-1.2547
207.27,-50.294,-24.468,-22.258
-3.5577,-23.47,27.146,-14.864
110.61,11.06,34.018,7.2917
-4.7477,-34.291,22.458,2.9095
-4.1193,-28.888,21.258,20.248
-3.7762,-15.695,13.252,8.8301
-2.5241,-11.965,7.0273,-0.37098
-5.6327,-23.331,10.849,0.15952
-6.2659,-10.717,5.8201,2.0241
-4.6351,-15.761,5.4408,-1.9595
-7.6309,-126.3,67.59,4.9344
-4.5902,-2.3263,0.32455,-2.9168
-2.6907,-1.2779,0.41631,-1.6771
1.177,0.5254,0.32796,0.86
3.3389,1.1797,-0.18476,2.0333
5.441,2.1657,-0.017213,3.5166
-1.1317,-0.3195,0.92937,-0.50395
-3.415,-1.6787,0.2317,-2.0325
105.25,-55.286,-44.464,26.359
-6.429,-50.495,4.781,-31.727
100.25,22.29,0.90415,47.779
-0.6193,-23.705,16.473,8.4236
-1.525,-43.289,20.708,8.8047
-4.5476,-21.965,12.759,3.8756
-3.5146,-11.649,7.6343,-0.52871
-3.7613,-14.623,7.1001,0.82194
-3.9124,-11.453,7.9529,2.567
-5.7177,-11.172,7.3905,0.8804
-4.9867,-102.1,48.901,34.395
-4.0179,-1.9232,0.34529,-2.6319
-2.6834,-1.1758,0.60011,-1.7516
1.4929,0.71236,0.53117,1.1158
4.031,1.4657,-0.12775,2.5349
5.4815,2.1884,0.097414,3.791
-1.4889,-0.2866,1.2403,-0.75868
-3.2272,-1.5203,0.17133,-1.7562
203.52,-62.675,-83.249,45.705
-37.141,-47.656,-0.21327,-22.489
104.27,10.234,15.584,28.437
-3.4264,-28.022,10.393,11.901
-5.2679,-47.561,26.94,18.208
-3.2221,-21.361,11.03,5.1459
-5.0382,-13.691,4.9117,-3.1547
-3.8852,-21.468,15.604,-0.10376
-4.5813,-14.395,7.9509,0.61116
-5.5036,-17.624,8.8353,2.1583
0.96396,-36.881,22.974,7.2621
-3.2962,-2.1215,-0.72539,-1.4917
-2.2546,-1.2836,-0.17764,-0.8412
1.3184,0.86677,0.82422,0.95622
3.6597,1.8264,0.92478,1.5946
4.632,2.5431,1.5466,2.3998
-1.4125,-0.3619,0.64656,0.13791
-2.8483,-1.7692,-0.6489,-1.0129
245.87,-53.199,-5.5834,-34.818
-52.554,-56.249,2.8734,-41.638
146.45,-20.367,39.134,-16.89
0.80664,-21.915,10.882,7.5171
4.5685,-46.738,26.009,-1.9348
-3.9953,-21.73,13.375,-1.1388
-3.4949,-12.011,6.1687,-0.31008
-4.5749,-21.445,11.061,2.9842
-5.5693,-10.786,3.1835,2.229
-5.9521,-6.5514,5.0392,0.43832
-5.0556,-55.593,30.674,29.126
-3.0013,-2.4097,-1.2921,-1.3315
-2.0892,-1.4337,-0.655,-0.58221
0.97624,0.74953,0.72106,0.74569
3.0709,1.9226,1.4251,1.2902
4.0019,2.6376,2.0303,1.9552
-1.3662,-0.62646,-0.021874,0.14477
-2.4709,-2.0898,-1.1627,-1.1231
188.57,-8.1634,53.58,-34.678
5.8069,-12.894,17.455,-10.612
109.99,40.962,59.443,17.883
-5.2643,-35.951,28.51,0.8485
-3.5404,-25.058,17.286,2.893
-3.6205,-13.088,8.2863,-0.93758
-5.4812,-11.302,4.7489,-0.47715
-2.8575,-18.753,10.508,-2.7412
-3.636,-9.1927,4.4907,-2.0271
-5.8972,-19.267,11.172,-1.3104
3.2535,-139.6,92.893,37.127
-3.4129,-1.9737,-0.44354,-1.695
-2.3157,-1.2162,0.015263,-1.0805
1.4615,0.90699,0.78993,1.1283
3.8846,1.6976,0.62812,1.8647
4.8858,2.4497,1.2511,2.8654
-1.3722,-0.2424,0.95699,-0.11637
-2.979,-1.5972,-0.36239,-1.0835
228.68,-43.211,-12.561,-12.052
-64.217,-102.05,-13.899,-65.533
145.65,-7.3366,46.584,-13.789
-3.9611,-46.131,11.942,3.5664
9.4701,-48.649,24.681,0.93681
1.6047,-24.095,12.687,1.6792
-4.3066,-10.27,5.6272,-3.4031
-1.6976,-16.237,9.0424,-4.4424
-4.1535,-8.5047,5.8251,-1.1496
-5.323,-15.714,5.836,2.1251
-6.7171,-63.586,28.739,20.72
-2.6697,-1.5697,-0.3239,-1.3888
-1.8951,-0.90614,0.16185,-0.76754
1.8554,0.97079,0.64883,1.1117
4.534,2.124,0.79801,2.2927
4.7473,2.3317,1.0373,2.5917
-1.1997,-0.30492,0.74548,-0.20814
-3.233,-1.9253,-0.50161,-1.4928
228.69,-62.743,-39.234,-6.1058
-18.749,-40.2,32.366,-40.841
96.736,3.6438,30.123,0.75003
-0.23237,-36.829,20.867,8.7213
3.6467,-48.675,26.427,3.3609
-1.2371,-24.888,12.795,2.8973
-3.0155,-19.244,11.326,0.56908
-3.3317,-15.336,9.6592,-1.8364
-4.7021,-11.458,5.1873,-3.4577
-3.9405,-14.335,7.7323,-1.311
-0.40444,-65.36,45.779,23.115
-2.8301,-1.4322,0.24935,-1.8554
-2.1063,-0.90571,0.68829,-1.2615
2.1396,0.84406,0.20551,1.5107
5.2303,1.9117,-0.31545,3.2813
5.4003,2.0791,-0.10452,3.5761
-1.5336,-0.40926,1.1498,-0.62016
-3.5846,-1.7378,0.24245,-2.0834
147.55,-52.805,-48.906,17.293
-5.9714,-48.967,-2.2721,-21.739
98.127,12.236,13.684,27.789
-5.2086,-31.383,24.573,4.877
-0.40706,-52.91,38.701,1.7291
-4.6338,-22.039,15.303,-2.2066
-5.7271,-12.105,7.6369,-0.8509
-1.8347,-26.046,13.106,-2.333
-5.5845,-12.273,5.9503,0.72946
-5.4595,-12.845,7.4267,-1.6057
-5.9393,-55.25,35.573,19.012
-2.8852,-1.4284,0.22781,-1.8949
-2.1247,-0.90361,0.5608,-1.3223
2.0721,0.81921,0.14974,1.4216
5.1128,1.9071,-0.26184,3.2969
5.357,2.0531,-0.061704,3.5606
-1.5052,-0.46832,0.8992,-0.78988
-3.5468,-1.7274,0.23271,-2.1621
119.06,-36.778,-48.26,29.431
-1.6318,-31.592,4.8311,-12.284
81.7,-3.7733,3.2363,12.601
-4.7161,-36.508,17.003,7.2895
-5.3622,-54.797,33.058,13.493
-3.9707,-23.156,11.614,3.8097
-3.7277,-8.8687,4.3999,-2.5476
-3.6258,-17.167,11.53,1.6025
-3.8808,-7.6278,4.4028,-3.2642
-3.6318,-11.127,6.8362,0.88859
-0.57939,-48.67,19.278,14.842
-2.3912,-1.3507,-0.10937,-1.4417
-1.8102,-0.84109,0.32579,-1.0087
2.2946,1.0536,0.45933,1.4849
4.9532,1.9705,0.24748,2.8336
5.2594,2.2647,0.60017,3.2469
-1.1445,-0.24742,0.96425,-0.39385
-3.1671,-1.5311,0.011997,-1.5409
143.98,-56.985,-69.12,44.04
-37.957,-59.081,5.2553,-34.295
129.29,-1.9007,-9.1973,40.032
-4.2815,-38.483,21.195,7.7287
1.3008,-41.53,18.33,0.49421
-1.0269,-21.296,9.9765,-2.3406
-4.3985,-10.752,4.8065,-1.296
-3.8399,-17.635,8.0822,-1.2826
-4.6156,-7.1402,2.9706,-2.3552
-4.6087,-18.681,10.937,-2.9796
10.025,-60.609,38.465,13.604
-1.6072,-0.85315,0.16622,-1.051
-1.331,-0.70218,0.4681,-0.80758
2.7848,1.0818,-0.022804,1.8821
5.7146,2.1629,-0.39047,3.5383
5.6013,2.2138,-0.22199,3.7312
-0.9521,-0.48792,0.67303,-0.45527
-3.5196,-1.5759,0.43127,-1.9241
84.123,-53.21,-59.243,26.712
-10.839,-70.698,-2.7906,-56.19
54.965,-4.9028,1.9405,17.478
-5.8834,-25.351,6.6567,6.7
2.0089,-38.366,16.317,1.8632
-3.4793,-23.319,10.41,2.2529
-4.8623,-10.449,2.6601,-1.3526
-5.9956,-12.184,7.301,1.1891
-4.5848,-10.79,7.4391,0.72857
-4.8634,-15.569,7.41,-2.0574
-2.1875,-25.916,12.564,0.66567
-1.1391,-0.83547,-0.32956,-0.54337
-1.4585,-0.67284,-0.016872,-0.12587
2.1311,1.2631,0.84556,1.0991
4.6391,2.6284,1.5593,2.0477
4.3651,2.5488,1.612,2.1366
-1.5258,-0.47912,0.27263,0.20925
-2.6774,-2.0278,-0.87374,-1.2143
208.52,23.227,60.529,3.0468
-5.4955,-20.191,25.488,-15.449
102.36,23.34,67.113,15.831
-5.1435,-37.79,20.774,11.655
-4.3291,-36.666,21.667,5.2565
-5.655,-21.748,13.86,4.2445
-5.4161,-12.569,8.2045,-1.0086
-4.1678,-12.793,9.4093,2.0568
-3.2333,-7.1569,4.4095,-0.55129
-3.3498,-10.657,4.9352,0.69275
-4.4799,-31.756,17.967,12.165
-1.5679,-1.0172,-0.19422,-0.95631
-1.7049,-0.69487,0.32474,-0.69487
2.2762,1.0561,0.40053,1.315
5.1337,2.3068,0.65355,2.7721
4.8358,2.2269,0.76718,2.7768
-1.6444,-0.50144,0.68295,-0.46561
-3.1088,-1.9283,-0.4929,-1.6095
177.73,-54.344,-3.4225,-34.43
34.445,-51.881,33.346,-58.177
123.88,-1.0916,39.42,-4.2361
-2.7503,-32.55,19.809,7.0535
-2.9667,-34.085,16.424,-6.4722
-2.1631,-15.284,7.7956,-6.389
-2.8051,-10.408,3.995,-4.6903
-6.4284,-19.515,9.7475,2.5874
-3.8778,-11.93,5.7392,-1.2415
-4.0073,-11.898,6.9794,0.89177
-2.8864,-40.241,22.799,19.928
-0.61551,-1.0484,-0.62605,-0.69425
-0.6358,-0.8662,-0.49223,-0.3158
1.1193,1.4984,1.276,1.3757
2.4064,3.03,2.5085,2.3374
2.297,3.0107,2.5253,2.601
-0.60753,-0.63596,-0.24168,0.19646
-1.4415,-2.1557,-1.4013,-1.2214
136.27,28.193,125.42,-3.4939
-29.499,-62.648,-27.812,-38.378
85.895,59.268,91.119,41.168
-1.4853,-22.455,13.195,6.568
2.8051,-40.726,25.202,7.2822
-3.9405,-15.123,7.0647,-0.41583
-4.8879,-8.954,3.9638,-2.1211
-5.487,-18.566,9.8064,0.8255
-4.6925,-9.8459,4.0267,-1.5611
-6.6794,-13.87,8.5282,0.40075
-3.7645,-18.698,14.211,-0.053669
-0.40306,-0.34861,-0.12396,-0.23945
-1.1222,-0.46223,0.091413,0.025716
2.2294,1.3786,0.96378,1.1596
4.644,2.7174,1.7777,2.0457
4.1982,2.5505,1.8171,2.1316
-1.6144,-0.52833,0.27309,0.26035
-2.6275,-2.0038,-0.99533,-1.0713
252.45,-8.7442,66.411,-38.228
-22.804,-44.265,-4.6873,-11.215
112.25,34.034,73.027,14.425
-7.2922,-33.175,13.1,8.6472
-5.6788,-28.784,13.448,10.511
-3.5319,-22.001,14.818,2.565
-5.3072,-13.183,5.9865,-1.5029
-4.7469,-14.268,6.577,-0.59886
-4.0417,-9.4779,5.5321,-3.9818
-6.1187,-20.503,12.734,0.81391
0.28981,-39.903,27.022,9.474
-0.21309,-0.18203,-0.031756,-0.15851
-1.2159,-0.38181,0.3145,-0.10486
2.4357,1.2757,0.65573,1.2926
5.0786,2.5757,1.2393,2.4846
4.5252,2.3803,1.328,2.4056
-1.9178,-0.56417,0.55014,-0.072625
-2.8875,-1.9563,-0.73783,-1.3491
253.29,-3.0346,42.558,-6.7363
-11.903,-34.621,0.45368,-15.834
115,30.633,50.898,16.361
-4.769,-27.904,13.013,1.288
-4.6293,-32.221,19.629,2.6974
-3.7923,-18.423,11.047,-1.0577
-3.4329,-13.621,6.3733,-2.845
-3.304,-18.588,9.8973,-0.61686
-4.9132,-8.7618,4.9149,-0.52579
-6.0697,-14.174,7.1924,-0.060735
0.55683,-52.802,31.089,11.432
-0.3358,-0.57129,-0.32354,-0.39398
-0.60608,-0.64744,-0.35671,-0.11487
1.3128,1.5093,1.3173,1.2517
2.8423,3.1533,2.6909,2.3374
2.5544,2.863,2.5749,2.3854
-0.78357,-0.69497,-0.31695,0.15378
-1.7149,-2.3239,-1.5489,-1.3187
156.96,16.908,127.14,-18.174
-14.615,-54.201,-5.2419,-13.258
111.36,46.062,104.13,19.356
0.2131,-27.228,14.71,0.60609
-0.98458,-48.087,27.497,18.287
-3.9705,-21.606,9.0545,5.3759
-5.1607,-22.923,10.3,2.3814
-2.7946,-16.084,7.3768,-2.7548
-5.3725,-11.385,2.9267,-2.9287
-4.1427,-10.548,3.0314,-0.59882
4.4498,-33.812,29.734,8.1222
-0.18963,-0.25861,-0.071915,-0.21137
-0.98177,-0.31992,0.28828,-0.023714
2.4742,1.3803,0.78484,1.3528
5.0126,2.5852,1.3002,2.2628
4.5321,2.5116,1.4831,2.4259
-1.6291,-0.34998,0.65228,0.2402
-2.8467,-1.7797,-0.6743,-1.0274
221.84,-18.331,20.177,-18.64
-40.497,-65.371,-15.33,-45.155
132.48,38.415,62.894,16.66
2.686,-18.05,12.159,-2.5943
1.0957,-34.989,20.057,8.7065
-3.7223,-14.987,8.3879,-0.81206
-4.3658,-13.193,7.354,-2.5489
-4.9448,-13.452,8.3966,-1.4464
-4.4013,-8.6939,6.3394,-0.40529
-5.7211,-17.409,8.2018,-2.8874
0.51423,-37.148,23.407,2.1409
0.16431,0.171,0.1856,0.1391
-0.30258,-0.30832,-0.090193,0.19734
1.1838,1.649,1.3245,1.3872
2.3042,3.1723,2.5379,2.5755
2.1031,2.9157,2.4343,2.6088
-0.69224,-0.73114,-0.29455,0.28305
-1.272,-2.2591,-1.3537,-1.4626
184.7,66.153,188.65,23.298
-19.316,-38.23,-15.82,-15.71
82.405,57.756,96.465,47.156
-0.3,-31.832,14.047,9.5845
3.3627,-42.47,19.145,16.665
-1.6239,-43.99,23.125,10.789
-3.6042,-35.126,18.459,7.35
-2.7148,-15.713,5.9001,-1.2098
-4.4926,-10.415,3.6061,-1.9878
-4.0489,-16.039,5.5536,-0.96654
-1.8323,-58.158,27.531,3.7686
2.5577,1.5932,1.1486,1.0982
1.3247,0.82583,0.67782,0.57827
1.9985,1.3829,1.0422,1.1943
3.5629,2.1249,1.6311,1.3963
4.4684,2.7171,2.1452,2.0857
-0.12452,-0.48575,0.063479,-0.38314
-2.4842,-1.5368,-0.70473,-0.39071
23.101,-90.487,-20.774,-21.115
-55.751,-104.23,-44.751,-25.799
45.656,-128.22,-26.958,-75.595
0.59977,-48.004,24.42,12.376
0.0034516,-41.301,24.271,1.1523
-2.4996,-20.919,13.641,6.167
-5.5956,-9.939,4.7927,-0.85943
-3.4397,-23.674,19.079,4.6645
-3.9552,-16.873,14.744,2.4814
-2.7638,-17.604,10.183,1.9046
10.428,-80.389,31.982,14.545
2.9657,1.1255,-0.13327,1.9026
1.5818,0.5656,-0.060038,1.0608
2.8596,1.0519,-0.1973,1.9111
5.0825,1.8874,-0.31958,3.2408
5.8131,2.1109,-0.39042,3.9698
-0.036571,-0.19418,0.15317,-0.10134
-3.199,-1.5166,0.30335,-1.7473
15.787,-28.128,9.4621,13.656
25.644,-85.277,30.716,-80.846
8.7352,-40.751,33.665,-39.933
-3.9193,-59.685,40.345,20.892
-0.83485,-51.238,32.456,17.811
-2.3869,-33.752,22.318,10.096
-0.94909,-25.874,15.263,6.2831
-3.2916,-24.63,14.239,1.4751
-4.1555,-15.723,9.4727,-0.69822
-4.0133,-13.605,9.2827,0.87408
-7.4614,-69.167,45.981,26.407
3.0414,1.1222,-0.23218,1.8738
1.7466,0.66733,-0.068703,1.1699
2.9081,1.1316,-0.13794,1.8711
4.9334,1.9097,-0.34584,3.1169
5.9728,2.3297,-0.32569,3.8916
-0.037556,-0.051982,0.072037,0.09823
-2.9055,-1.3717,0.48214,-1.6531
-6.8345,-22.726,17.393,5.2283
-16.79,-48.549,19.817,-50.722
18.128,-13.062,31.864,-1.5297
0.92468,-35.67,24.078,12.812
6.9329,-56.381,33.486,30.007
-3.0675,-24.598,12.85,11.098
-4.418,-10.114,5.152,0.62817
-3.7122,-12.38,7.5418,3.6537
-4.9861,-12.995,5.5634,1.147
-4.1798,-9.9018,5.5202,-1.0189
0.83763,-41.469,21.868,2.1794
3.6529,1.3024,-0.18856,2.3595
2.0489,0.7151,-0.021174,1.3649
2.7184,1.0466,-0.093827,1.9266
4.357,1.623,-0.17667,2.8592
5.9998,2.1849,-0.21867,4.0981
-0.2665,-0.24947,0.14288,-0.21851
-2.7559,-1.2359,0.34585,-1.5582
2.6565,-61.831,-19.288,-1.141
-4.8065,-89.826,13.876,-67.822
26.92,-43.943,1.2227,-0.20868
1.8865,-25.916,14.026,2.3511
0.69484,-31.83,25.793,9.4152
1.3774,-22.354,14.569,5.3408
-4.5593,-10.032,5.3992,1.0845
-6.0649,-15.163,9.6847,1.9221
-5.1277,-10.8,5.6103,-1.3844
-5.1235,-11.073,6.9112,-2.2865
3.3466,-49.859,34.488,6.3702
2.2568,1.8136,1.4748,1.1315
0.92421,0.80816,0.75906,0.67376
1.9126,1.6071,1.2961,1.1242
2.9197,2.2632,1.8726,1.3822
3.7289,3.0891,2.5865,2.157
-0.68462,-0.68025,-0.29979,-0.28821
-1.9408,-1.6116,-0.96093,-0.4353
90.476,-36.61,19.79,-44.741
-77.364,-82.99,-36.806,-2.4815
30.822,-23.77,10.042,-7.5375
-3.3291,-30.969,20.04,5.3962
5.3764,-35.174,38.207,12.981
-3.7848,-11.845,12.96,4.2678
-4.2751,-7.5812,5.7174,-0.017822
-2.9579,-13.655,12.164,7.3994
-5.2682,-8.4573,3.8104,-0.79419
-6.7082,-14.869,8.917,-2.047
-7.7731,-24.437,18.252,2.6653
2.8517,1.0783,-0.13577,1.9064
1.5565,0.55024,-0.035442,1.0026
2.9255,1.1372,-0.07734,1.9999
4.9381,1.8635,-0.20231,3.2333
5.9044,2.1497,-0.22314,3.9748
-0.16624,-0.20483,0.12168,-0.19703
-2.8941,-1.3392,0.33757,-1.8036
-4.566,-33.26,3.7383,7.9567
-5.5487,-53.071,15.973,-2.9942
12.795,-56.014,-13.795,6.5785
-1.9492,-22.862,11.525,2.8917
-3.9783,-23.703,7.8715,8.0979
-4.9991,-17.373,6.8766,3.9458
-4.6576,-10.1,3.9162,0.1764
-3.9372,-12.78,3.5853,0.98365
-4.9305,-7.5897,5.6175,-1.9235
-4.6252,-9.9075,5.9644,-2.0613
-1.3273,-84.497,49.102,26.865
2.2713,1.4149,1.1425,0.91031
1.0828,0.78027,0.71831,0.63923
2.1669,1.5219,1.1773,1.1883
3.5011,2.2614,1.7644,1.4753
4.3326,2.9762,2.3643,2.1986
-0.40572,-0.35724,0.0040503,-0.14144
-2.1975,-1.4335,-0.75195,-0.32927
85.293,-96.654,-9.7255,-70.19
-69.991,-98.971,-42.591,-61.356
54.54,-20.871,10.219,-21.369
-2.665,-28.035,23.619,9.1868
-0.46217,-32.291,22.575,14.655
-1.8322,-19.683,12.434,5.5861
-4.6247,-11.226,4.5782,1.6747
-5.6569,-20.394,11.052,3.4134
-4.705,-10.224,6.64,-2.0237
-5.9081,-17.484,11.559,-1.874
2.1658,-48.485,29.777,5.3519
3.5101,1.402,0.13561,2.0741
1.7761,0.77295,0.46255,1.0757
2.5523,0.98589,0.043808,1.6501
4.2298,1.7217,0.16751,2.5376
5.5866,2.2951,0.46381,3.3719
-0.379,-0.15555,0.64507,-0.33754
-2.9288,-1.3293,0.2312,-1.5249
127.29,-82.676,-103.72,58.513
-51.546,-48.8,15.404,-21.339
78.357,-36.827,-39.401,28.983
5.5491,-36.07,18.508,3.9007
0.22993,-28.181,17.412,7.9378
-2.7572,-16.713,11.67,6.248
-5.5282,-8.6556,7.0118,0.90777
-3.8651,-18.77,8.9104,-1.5759
-4.66,-10.658,2.3122,-1.4118
-5.4626,-14.771,7.0208,-0.32865
0.23075,-51.14,15.228,12.114
2.8797,1.5031,0.867,1.1874
1.3095,0.76232,0.59085,0.65537
2.2942,1.288,0.75271,1.1411
3.8138,2.1034,1.3001,1.6294
4.8346,2.6855,1.7132,2.2161
-0.56757,-0.3216,0.19464,-0.11842
-2.6429,-1.5698,-0.57143,-0.74564
59.632,-83.275,-34.458,-21.779
-27.979,-86.155,-18.883,-54.178
111.95,-102.02,-1.6311,-75.087
1.8005,-36.461,31.217,6.1794
-1.4328,-30.245,15.511,3.2502
-1.8597,-15.532,7.8003,3.2306
-4.5417,-9.2486,4.2905,2.7396
-9.383,-21.184,8.4593,14.9
-4.1776,-17.281,9.3877,-0.62586
-3.6153,-13.845,10.647,2.7282
6.6893,-77.375,64.149,14.138
2.2274,1.3938,1.1101,0.89831
0.87131,0.64022,0.60259,0.55124
2.176,1.4387,1.0883,0.99626
3.5764,2.4339,1.8483,1.6271
4.1954,2.8359,2.2393,2.0203
-0.67833,-0.38326,-0.028417,0.021972
-2.3201,-1.7532,-1,-0.76486
84.545,-48.98,1.5888,-38.114
-14.686,-59.153,1.4185,-29.433
91.66,0.67619,26.561,-4.7926
-1.8763,-22.402,13.588,5.1353
0.6661,-20.835,18.049,5.9055
-3.0382,-12.181,7.6547,3.4488
-4.4596,-8.8937,5.6132,0.24164
-4.5393,-19.744,6.8037,1.9385
-3.4888,-8.4792,6.0931,-2.306
-5.6852,-15.155,7.1085,-3.9078
0.4649,-45.031,21.487,-1.2345
1.2541,1.5529,1.3621,1.2301
0.64853,0.90797,0.77522,0.84482
1.249,1.7865,1.4709,1.6523
1.8288,2.412,1.9925,1.9354
2.4673,3.3199,2.8236,2.9357
-0.21106,-0.43387,-0.18704,-0.22634
-1.0183,-1.3337,-0.74433,-0.30014
9.3123,-61.774,3.061,-35.67
-96.611,-143.93,-75.62,-37.193
28.841,1.8337,33.109,12.658
-4.6944,-30.094,25.464,6.5016
-6.7189,-52.029,33.075,15.648
-5.3008,-19.416,11.379,11.262
-5.162,-8.3917,5.5433,1.2376
-4.8695,-23.111,10.617,7.6418
-3.9695,-7.3933,8.0908,3.7246
-6.3242,-12.067,6.8606,-1.056
-5.706,-46.743,30.025,10.302
3.6032,1.4921,0.26703,2.0586
1.8105,0.78218,0.40694,1.0657
2.4442,0.96113,0.12969,1.5131
4.0781,1.713,0.30471,2.3599
5.5166,2.273,0.5567,3.1709
-0.35973,-0.2132,0.42302,-0.30343
-2.9685,-1.425,0.084254,-1.5317
109.88,-92.855,-95.047,75.168
-28.819,-50.25,5.5512,-14.898
62.656,-34.195,-35.363,25.833
0.71074,-26.694,16.373,3.7754
3.266,-42.876,22.663,14.212
-2.5521,-19.794,10.698,0.44269
-4.0065,-17.233,10.343,-0.7287
-7.789,-17.909,9.8351,3.2951
-6.2964,-8.2465,5.5941,-2.0701
-3.4579,-10.155,5.3057,0.14846
6.4029,-61.211,36.998,23.201
3.4179,1.3605,0.26525,1.878
1.5904,0.70688,0.43605,0.93542
2.796,1.1882,0.19445,1.8028
4.0998,1.6947,0.27708,2.3655
5.6279,2.3921,0.66815,3.3743
-0.94576,-0.43006,0.35875,-0.55442
-2.6105,-1.1111,0.13476,-1.0956
105.88,-120.2,-96.53,20.515
-58.638,-53.003,-5.1632,-17.394
55.633,-32.3,-27.019,27.729
2.9259,-54.415,15.101,-1.9841
-0.96356,-24.072,15.967,1.464
2.0758,-21.2,18.159,-3.6611
-3.997,-10.498,4.522,-3.2597
-5.4978,-19.658,10.413,6.8975
-3.4344,-13.253,4.9823,-0.50835
-6.6111,-18.709,4.9333,1.8872
-0.62411,-58.498,18.086,9.2045
3.1517,1.1291,-0.17201,1.9911
1.5691,0.52082,-0.011159,1.054
3.057,1.1887,-0.14275,2.0991
4.8545,1.782,-0.31781,3.1481
6.0256,2.2424,-0.25317,4.0393
-0.53952,-0.40614,0.1277,-0.38128
-2.8495,-1.2507,0.45546,-1.5931
7.0857,-49.877,-9.6532,10.902
-19.938,-51.156,-12.256,-25.771
2.9635,-5.3173,10.487,37.414
-2.4325,-25.204,12.054,3.9304
-7.2185,-20.798,7.5917,3.2332
-4.3839,-11.32,5.9767,0.26685
-6.1199,-8.627,2.9502,-1.8337
-3.7521,-18.952,9.5275,-2.0439
-4.8403,-9.3184,4.1817,-0.8532
-5.2453,-12.681,8.1652,-0.99063
-1.833,-32.645,20.461,1.0648
2.5857,1.344,0.79532,1.0388
1.2323,0.73807,0.66535,0.67998
2.3765,1.3159,0.75884,1.0851
3.9859,2.2478,1.2947,1.7408
4.8527,2.678,1.7683,2.2013
-0.34936,-0.17605,0.44362,0.048265
-2.5548,-1.5412,-0.52361,-0.78402
125.35,-70.767,-49.236,-10.493
-56.657,-43.747,2.0256,-4.6449
107.97,-15.768,0.30779,-5.6837
-3.3089,-27.477,14.774,3.5887
-4.8692,-27.794,14.204,9.2634
-2.8421,-14.089,7.2386,0.96076
-3.4784,-11.874,6.9044,0.12251
-5.1926,-17.972,8.9637,0.82021
-5.4791,-7.7437,5.0614,-0.2545
-5.2031,-12.997,6.7969,-0.56874
-10.726,-54.217,34.886,20.189
3.4229,1.3998,0.39516,1.7168
1.7987,0.82387,0.45797,1.0296
2.5864,1.2706,0.46829,1.6861
3.9672,1.6141,0.33957,2.1043
5.536,2.5009,0.86325,3.2518
-0.48895,-0.40989,0.05603,-0.42115
-2.6002,-0.93468,0.41189,-0.75429
72.192,-127.79,-107.8,33.827
-117.12,-81.079,-19.894,-29.733
-2.156,-23.951,-10.927,28.447
-12.008,-39.59,22.812,15.698
-5.1854,-38.636,24.624,9.2795
-3.1768,-25.418,13.772,6.1783
-4.723,-8.379,2.2589,-2.2012
-2.1553,-19.486,7.0019,0.29922
-4.3904,-10.698,5.0284,0.52344
-7.1296,-13.903,7.8981,2.7658
-9.2116,-42.533,25.585,11.819
2.9178,1.6045,0.93652,1.2346
1.4847,0.89573,0.71426,0.80176
2.3229,1.2086,0.68268,1.0142
3.696,2.0714,1.2099,1.6002
4.9527,2.7145,1.7138,2.1811
-0.44475,-0.16427,0.29976,0.087662
-2.3847,-1.5125,-0.59559,-0.80278
129.69,-54.802,-28.466,-15.055
-18.469,-42.375,-8.9864,-13.504
84.898,-25.32,-1.1026,-19.446
-3.3717,-18.31,11.464,9.0946
-5.5291,-32.427,9.2543,4.7008
-6.5256,-21.227,8.489,2.4928
-5.96,-9.6324,3.7559,-3.1747
0.41607,-17.655,5.8975,-5.2081
-0.43833,-18.054,6.8606,-7.1052
-3.2546,-13.4,8.9713,-2.2236
0.19211,-44.742,24.519,8.5602
2.1434,1.4775,1.184,0.95123
0.8748,0.68548,0.67185,0.60177
2.1349,1.4488,1.1579,0.95974
3.4067,2.451,1.9317,1.614
4.1359,2.8754,2.4485,1.968
-0.6387,-0.36012,0.012058,0.096024
-2.1385,-1.7522,-1.0475,-0.79768
113.43,-30.94,19.02,-30.178
-10.493,-36.947,-3.6509,-8.697
98.954,-6.6109,28.513,-13.717
-5.9076,-28.163,18.896,2.8037
-4.716,-34.704,15.042,1.1276
-5.5578,-17.117,7.8576,0.53466
-5.3333,-8.8787,5.207,-0.63936
-6.5993,-16.512,7.0829,-0.81948
-5.2587,-9.8178,2.871,-1.2701
-6.2143,-9.3614,7.3401,-1.0215
-0.092271,-51.033,39.671,6.4018
2.3041,1.2488,1.0054,0.80604
1.2471,0.82819,0.76059,0.66276
2.327,1.6179,1.2277,1.3598
3.562,2.144,1.5939,1.4281
4.6126,3.0146,2.3169,2.2799
-0.28428,-0.26607,0.14652,-0.087729
-2.0297,-1.0047,-0.34819,0.092681
59.67,-119.75,-34.296,-72.613
-127.17,-118.26,-56.858,-43.886
72.359,-36.866,7.963,-26.381
-1.7199,-41.93,20.138,8.3082
-4.9257,-27.98,16.301,2.8764
-1.976,-18.198,9.409,-0.84287
-4.0321,-11.262,4.9556,-1.3025
-4.6187,-17.192,6.2079,0.75844
-3.3238,-10.023,5.4389,0.36475
-2.9396,-9.3384,5.9277,0.29944
5.9582,-42.54,26.53,3.1218
3.4156,1.426,0.3122,1.8765
1.8557,0.86057,0.46998,1.1387
2.5283,1.0372,0.19181,1.4873
4.079,1.7343,0.37854,2.2846
5.5796,2.3762,0.73376,3.1973
-0.26015,-0.0902,0.43139,-0.075485
-2.6849,-1.2423,0.07667,-1.2297
104.47,-52.858,-65.384,58.34
-43.902,-41.105,1.6429,-25.221
64.478,-20.636,-14.264,15.315
-4.4101,-18.617,10.063,4.1208
-5.2005,-28.81,18.608,8.3338
-2.8565,-21.909,11.11,0.59829
-5.9453,-9.0643,3.6356,-0.92912
-4.4424,-15.005,8.8182,1.1184
-4.3776,-9.9315,5.3745,-0.78261
-4.7729,-9.5282,6.2581,-1.9876
-0.86919,-25.037,24.17,2.1004
2.3,1.8289,1.4911,1.1296
1.0615,0.94346,0.88148,0.80732
1.8865,1.4355,1.1893,0.89668
2.8529,2.3391,1.8654,1.4726
3.832,3.1239,2.5893,2.059
-0.56543,-0.37185,-0.00070151,0.16306
-1.8398,-1.701,-1.0525,-0.71009
123.81,-12.973,45.992,-33.962
-28.501,-32.614,-13.331,-7.7461
87.869,13.424,46.372,-8.1473
-4.2116,-20.679,9.5141,4.3953
-0.54833,-29.716,16.91,-2.5915
-1.2604,-12.384,5.8479,-3.9449
-4.8675,-8.8468,3.1708,-2.9376
-4.0989,-20.082,12.375,2.4012
-3.4501,-11.237,8.7692,1.1417
-6.1251,-18.107,9.2785,2.7658
-2.1974,-43.402,19.409,30.904
2.518,1.3156,0.77342,1.0207
1.2601,0.71046,0.46336,0.57784
2.3118,1.3043,0.75862,1.0859
4.0685,2.2973,1.3605,1.7852
4.8367,2.619,1.5308,2.1417
-0.24209,-0.14077,0.096729,-0.012403
-2.6242,-1.6651,-0.65663,-0.9048
12.005,-45.253,-23.377,-6.5165
-3.502,-61.636,-4.295,-42.733
62.351,-37.484,6.5495,-15.865
0.17654,-20.628,7.1257,1.644
-2.8061,-29.787,13.611,4.7904
-2.1792,-14.122,4.8228,0.10813
-2.5993,-8.1656,4.2557,-1.6923
-2.4273,-19.326,7.5454,-1.7531
-7.4362,-11.364,6.5429,-1.1902
-3.448,-13.689,4.4023,-0.87586
-1.4183,-40.612,18.418,-4.7294
2.0704,1.6093,1.3359,0.98939
1.0157,0.83985,0.73215,0.59684
1.7685,1.4307,1.1488,0.90658
3.1119,2.561,2.0466,1.6384
3.7765,2.9172,2.4816,1.8978
-0.14697,-0.13651,0.0099915,0.064194
-2.1032,-1.9702,-1.1793,-0.87164
46.091,-37.544,1.4436,-21.487
-15.291,-28.427,7.678,9.2066
60.305,4.1566,27.553,12.027
-3.9465,-27.272,15.873,-1.5858
-2.2897,-27.736,14.755,5.8892
-4.416,-15.251,7.8301,3.6682
-5.5917,-12.64,5.753,1.8264
-4.6936,-18.908,7.0842,2.8383
-3.23,-10.841,4.9739,-2.2154
-5.393,-8.7281,3.4666,-1.2147
4.6477,-152.95,96.126,35.376
3.0989,1.6413,0.86804,1.3149
1.5509,0.90482,0.68496,0.82491
2.2651,1.1538,0.5723,1.0044
3.738,2.0409,1.0512,1.6554
4.9348,2.692,1.5537,2.2564
-0.36237,-0.11878,0.34924,0.061148
-2.5913,-1.5905,-0.52628,-0.88063
128.63,-54.46,-43.027,-14.731
-32.837,-36.513,1.0699,-13.212
72.967,-7.5561,8.3773,-7.4472
-2.4218,-24.889,13.233,2.1562
-3.2627,-25.725,8.776,6.6703
-4.7577,-11.773,5.5252,3.188
-3.3013,-6.2393,2.8682,-3.4392
-0.87604,-19.403,9.5085,-0.57265
-4.4054,-8.0015,6.3646,-3.2296
-5.178,-14.025,6.4419,-0.75424
5.7186,-32.031,22.913,6.8115
1.2724,1.8209,1.4513,1.5238
0.63692,0.92901,0.75957,0.83315
1.1891,1.7829,1.3959,1.5893
1.5668,2.2532,1.7838,1.8944
2.2521,3.2674,2.6919,2.9978
-0.3405,-0.77252,-0.37898,-0.56
-0.81071,-1.2749,-0.75438,-0.6102
21.77,-48.298,21.199,-29.993
-42,-70.096,-27.616,-9.3844
8.5656,-26.391,14.568,-14.424
-3.6924,-43.992,15.072,7.8622
-2.8425,-30.085,18.252,8.1111
-2.6873,-20.481,11.585,4.5083
-4.4705,-10.427,4.6,-0.88814
-5.4091,-23.054,10.856,7.3179
-2.3578,-12.121,7.1675,-1.0777
-3.7754,-14.467,6.2867,0.74779
-0.78859,-62.692,22.305,5.1147
1.062,1.4906,1.2112,1.2483
0.48272,0.73445,0.628,0.75719
1.1567,1.6639,1.3175,1.4063
1.7833,2.6395,2.0449,2.2365
2.2072,3.2124,2.5608,2.7947
-0.25793,-0.35351,-0.12487,0.022823
-0.99238,-1.713,-1.0549,-1.0795
57.939,-4.3625,56.407,-11.94
-7.8641,-44.856,-0.17435,-23.339
57.412,14.494,68.006,20.3
-5.2171,-21.601,13.206,4.1292
-2.2911,-30.468,14.4,2.1791
-4.1721,-16.215,9.7068,2.267
-5.2615,-6.7293,4.786,-0.23284
-6.0771,-15.4,9.357,1.556
-4.816,-7.8923,3.1205,-2.0582
-6.5623,-15.812,5.4918,1.1879
-15.113,-48.807,32.366,29.473
2.5908,1.3513,0.80824,1.0455
1.2239,0.777,0.66277,0.75372
2.4669,1.3278,0.75606,1.0825
3.9332,2.2144,1.2921,1.7129
4.8939,2.756,1.7282,2.2132
-0.51265,-0.13599,0.42108,0.17493
-2.3945,-1.4551,-0.54038,-0.73203
112.5,-34.471,-9.9584,-16.103
-33.108,-44.286,-18.413,-18.995
108.83,1.1647,10.185,7.272
-2.7632,-21.846,16.997,3.0919
4.6757,-26.762,13.405,-2.1884
-1.1104,-12.659,8.0874,-1.3301
-3.8004,-10.075,2.3502,0.017257
-6.5398,-12.654,5.3738,0.90689
-4.5745,-8.87,2.6956,-0.95196
-6.1072,-14.195,6.5131,-0.15418
-1.4231,-47.422,20.774,4.5976
3.1679,1.4601,0.59761,1.4999
1.4548,0.79236,0.56911,0.87783
2.5875,1.134,0.39492,1.2799
3.96,1.9595,0.80915,1.999
5.2288,2.5409,1.1538,2.6915
-0.75848,-0.21557,0.47951,-0.078298
-2.5769,-1.4939,-0.3624,-1.1005
121.6,-57.1,-35.987,-5.8493
-10.626,-67.72,3.3898,-29.882
103.05,-7.2431,1.1834,17.038
-2.9996,-25.322,13.534,4.1299
-3.9003,-33.335,15.144,-10.435
-6.6356,-24.944,10.009,-5.5084
-5.9882,-10.753,4.5355,-3.0933
-5.5813,-26.483,11.698,1.4722
-4.0494,-8.0098,3.8221,-1.1357
-4.8827,-17.611,7.4247,2.1075
-3.6804,-34.997,12.34,15.64
2.1119,1.8447,1.4932,1.1767
1.022,0.91914,0.83423,0.7076
1.8358,1.4858,1.2654,0.9261
2.745,2.3964,1.942,1.5281
3.7038,3.1032,2.6529,2.0302
-0.49738,-0.42212,-0.10261,0.014271
-1.6797,-1.7541,-1.0767,-0.83682
91.847,-9.8396,40.097,-15.88
-2.5958,-20.209,15.454,17.874
66.787,-1.1972,24.473,2.4079
-3.3874,-20.534,15.97,3.9163
-3.0722,-35.61,15.79,8.1324
-2.6135,-13.051,5.333,-0.55556
-3.9413,-10.666,3.3837,-1.7346
-4.5874,-9.2617,3.5726,-2.0744
-5.1257,-5.3,3.7017,-1.7248
-5.9588,-13.977,6.5934,-2.3094
1.5178,-42.357,21.91,3.414
1.9061,1.2865,1.1256,0.79664
0.93647,0.72348,0.62222,0.51812
1.9306,1.4819,1.2154,1.093
3.4102,2.5758,2.1165,1.6711
3.946,2.9102,2.4395,2.0175
-0.19526,-0.11998,0.070223,0.12083
-2.1551,-1.7834,-1.118,-0.68732
10.261,-66.473,-11.52,-40.027
-5.325,-115.12,-6.534,-95.538
79.388,-31.4,36.114,-25.584
6.2903,-44.208,25.877,14.127
-1.3906,-33.388,26.661,-0.99004
-2.7276,-19.686,12.708,-2.0526
-4.3528,-11.558,5.1584,-2.4812
-4.5996,-15.499,10.2,-1.677
-3.4195,-11.663,8.4476,-2.9904
-6.3723,-13.531,7.5781,0.78785
-8.8949,-71.821,43.998,12.728
2.3063,1.2057,0.9066,0.82332
1.2691,0.75847,0.6107,0.56172
2.5519,1.6719,1.2382,1.3998
3.6257,2.117,1.4673,1.5258
4.827,2.9603,2.163,2.359
-0.41055,-0.35629,-0.10119,-0.18551
-1.7801,-0.92895,-0.19176,-0.097413
-5.1083,-100.16,-42.122,-46.231
-116.71,-72.821,-17.444,-0.61346
28.411,-11.739,17.847,-3.2411
1.0034,-33.237,21.422,1.7732
-2.5883,-32.206,17.606,5.9985
-4.8328,-18.122,8.9138,-3.9786
-4.8302,-10.921,5.6342,1.8056
-2.318,-29.94,19.469,6.7335
-4.0154,-16.81,10.048,2.046
-5.8462,-13.447,5.6903,1.4294
-3.3318,-41.562,24.839,18.822
2.7087,1.7754,1.361,1.1593
1.5165,1.087,0.9807,0.87579
1.8671,1.2201,0.92724,0.86084
3.1801,2.0992,1.6077,1.3871
4.3611,2.9315,2.3098,2.0578
-0.02857,-0.029013,0.4049,0.25781
-2.199,-1.5743,-0.79566,-0.56998
133.09,-53.441,3.9666,-33.14
-57.746,-48.831,-8.7787,0.38729
74.953,-25.698,25.836,-23.267
-1.6353,-38.409,14.303,-3.8562
0.46903,-27.051,5.8838,-0.71766
-1.0779,-16.997,5.933,0.87475
-2.9345,-10.706,4.8293,0.61356
-3.1398,-28.758,12.93,-6.6717
-1.9889,-20.197,8.174,-3.6306
-3.7731,-22.849,12.348,-3.7342
-0.35452,-43.941,25.457,-1.8437
2.1016,1.6039,1.3481,0.97561
1.0783,0.83847,0.80721,0.57577
2.0559,1.7113,1.3823,1.1625
2.883,2.3485,1.8784,1.4959
3.9749,3.1879,2.7551,2.2187
-0.46925,-0.55966,-0.13503,-0.27695
-1.5941,-1.3491,-0.76226,-0.3698
61.56,-93.669,-10.044,-62.261
-55.775,-61.988,3.95,23.746
73.484,-37.59,23.434,-28.964
-1.0309,-56.932,25.602,8.0945
-3.9628,-20.957,13.96,6.4794
-2.8777,-21.437,12.852,7.6832
-2.8124,-12.963,8.078,1.2643
-3.0643,-23.118,12.919,2.3778
-4.9257,-15.61,7.7269,0.51167
-5.3414,-13.174,8.2055,-1.3266
-3.6534,-43.838,24.496,11.091
2.7859,0.94286,-0.17869,1.6628
1.3025,0.58237,0.34245,0.88635
2.9788,1.1832,-0.11383,2.0099
4.8718,1.9725,-0.05532,3.0548
5.7604,2.3699,0.095162,3.7369
-0.56028,-0.12275,0.81056,-0.24759
-2.9115,-1.2536,0.37945,-1.4617
71.868,-57.268,-59.279,26.8
-33.052,-64.275,-18.345,-31.458
114.87,-28.82,-9.0076,11.859
-2.8001,-30.066,13.534,-3.8132
-7.1784,-33.96,12.739,9.2859
-7.3769,-17.808,6.049,1.767
-6.1081,-9.8214,4.5078,-1.2414
-4.4033,-25.049,9.2606,1.9705
-5.8676,-10.068,4.5075,-1.756
-4.0234,-19.409,9.6404,-3.7792
1.1807,-43.755,25.742,2.3776
2.9579,1.0629,-0.14377,1.845
1.6319,0.58549,0.1731,1.0161
2.953,1.1908,-0.033712,1.9094
4.7231,1.8886,-0.16255,3.0786
5.9179,2.2831,-0.12574,3.9271
-0.25571,-0.24491,0.37827,-0.12877
-2.685,-1.2274,0.55051,-1.6972
31.71,-59.632,-58.426,56.305
-48.362,-22.36,64.619,-9.7633
49.676,-8.8867,-27.988,86.098
-7.4274,-38.105,15.753,0.37685
-2.9093,-37.158,23.325,8.7383
-3.1853,-12.7,7.7464,-0.017974
-4.061,-10.162,5.7675,-2.0736
-3.9525,-16.281,11.719,-3.1607
-3.6268,-10.246,6.6554,-3.287
-5.6339,-16.539,9.7343,1.8713
-11.093,-47.243,29.944,12.258
3.306,1.5249,0.54136,1.6725
1.68,0.84255,0.54553,0.97858
2.3997,1.0603,0.35739,1.2459
4.0093,1.8676,0.64021,2.0549
5.3129,2.4105,0.9344,2.7616
-0.32458,-0.11803,0.39579,0.0010606
-2.8405,-1.4543,-0.10543,-1.2113
115.88,-59.181,-52.78,48.266
-42.263,-28.027,8.3143,0.57876
65.521,-22.021,-20.935,45.598
-2.2385,-20.675,16.16,1.9039
-3.0487,-25.983,17.251,2.7043
-3.994,-10.733,8.2474,-0.61083
-4.8991,-8.805,4.1302,-0.86763
-2.1285,-15.635,7.9176,-5.1907
-4.0155,-8.2932,2.3577,-2.8475
-6.043,-15.848,7.4196,0.02501
-4.8631,-28.354,16.634,3.5904
2.1852,1.8988,1.5411,1.2096
1.0703,0.92712,0.84566,0.65933
1.8354,1.6596,1.361,1.2006
2.6713,2.1849,1.853,1.3326
3.7645,3.2243,2.7343,2.1396
-0.51173,-0.73387,-0.2893,-0.44841
-1.6604,-1.4655,-0.87781,-0.38002
61.853,-62.823,8.7415,-56.435
-70.491,-71.045,-35.085,-0.32062
18.127,-62.79,-6.7658,-27.695
-3.5856,-21.897,8.3101,6.4435
-5.6571,-27.586,7.6541,15.269
-2.8843,-16.577,8.296,7.567
-5.0889,-6.8256,3.5937,-1.5275
-2.1297,-13.753,6.4629,-1.6848
-4.1524,-7.97,6.3288,-0.68601
-4.0667,-13.043,5.9898,-0.39152
-3.1313,-30.859,17.281,2.3488
3.5183,1.2434,-0.35765,2.3913
1.1939,-0.17284,-0.73817,0.59864
3.4982,1.3916,-0.31361,2.3852
4.3011,1.7603,-0.45517,3.2328
5.9095,1.613,-1.2266,4.014
-2.1864,-1.6391,-0.29826,-1.4463
-2.1836,-1.3685,0.25979,-1.6489
-215.63,-103.6,-38.671,356.42
158.88,-56.245,102.33,-74.072
-131.03,-27.399,76.206,131.52
0.9861,-38.377,23.743,3.1945
4.2575,-67.168,47.672,6.4987
5.1874,-67.961,44.245,11.07
-3.9984,-32.191,20.367,2.8441
-5.4882,-44.617,27.296,3.9812
-5.565,-22.298,11.769,2.2447
-3.5518,-18.233,11.147,-2.5371
4.1485,-81.336,48.357,15.31
2.6497,1.259,0.61336,1.1528
1.3572,0.73102,0.55162,0.70609
2.5052,1.2979,0.62689,1.2093
4.1556,2.1813,1.0772,1.9278
5.1658,2.6228,1.3669,2.373
-0.27641,-0.12788,0.34245,0.0054953
-2.5536,-1.4721,-0.34073,-0.94892
76.594,-61.495,-49.312,8.8292
-40.337,-36.591,1.6109,-11.991
105.79,-25.991,-30.511,21.121
-3.6605,-18.764,12.455,-0.26919
-4.4395,-35.492,16.237,-0.19534
-5.0512,-18.18,11.791,1.3268
-4.3706,-8.9379,5.1225,-0.42501
-5.4045,-13.769,5.0201,-1.3608
-6.0714,-8.4472,5.1512,0.096431
-5.868,-14.91,5.6982,0.41562
0.27486,-59.82,29.57,18.724
2.3545,1.8333,1.514,1.1264
1.2533,1.0559,0.95644,0.80938
1.7492,1.4026,1.1327,0.90042
2.8191,2.31,1.8433,1.4621
3.9327,3.1121,2.5875,1.9949
-0.19461,-0.15115,0.13811,0.20879
-1.9184,-1.7021,-0.97172,-0.61722
89.929,-43.952,14.246,-31.92
-45.405,-43.432,-8.548,-2.2939
91.143,-11.305,34.082,-9.4973
-2.6084,-15.624,10.464,3.1647
-5.0885,-29.542,31.487,5.0051
-2.8658,-19.559,16.294,2.8159
-5.8858,-10.045,4.5005,-0.8912
-3.5692,-18.459,11.695,1.6623
-4.6908,-8.7688,5.9184,-0.40906
-4.452,-15.183,9.7852,-1.7081
0.59707,-61.447,56.966,15.281
