0.29761,-0.57539,-0.0092911,0.44107
-0.046642,0.0038666,0.028306,0.2354
-0.21114,0.33945,0.060824,0.19682
-0.56136,1.0382,0.099085,-0.07117
-0.17565,0.21436,0.1403,0.94501
-0.78094,1.2716,0.2884,1.5112
-0.72941,1.2542,0.12327,-0.037692
-58.168,91.902,26.546,130.64
-32.802,60.719,14.446,80.167
-61.819,102.47,31.606,136.16
-85.615,615.62,-740.8,29.554
-73.935,809.63,-604.09,-359.8
-58.901,415.74,-72.107,-192.33
-67.301,354.21,230.08,-147.47
-105.9,687.82,839.01,-442.27
-91.426,399.89,349.49,-58.101
-46.339,208.23,131.61,29.171
-43.408,225.67,63.461,23.124
0.14115,-0.11673,0.077163,0.84284
0.17161,-0.05348,0.076644,0.76925
0.039414,0.21833,0.02747,0.053509
-0.28546,0.23641,-0.012708,-0.37722
-0.006425,-0.034419,0.14284,1.3135
-0.62057,0.2136,0.011632,-0.16382
-0.30037,0.21199,0.0052263,-0.15834
-313.78,-4.1573,2.5147,38.504
59.361,52.896,13.521,62.441
-245.77,0.62101,2.8327,26.085
-78.932,93.535,24.514,115.76
-23.552,36.74,8.5374,41.862
-11.525,20.325,4.771,21.737
-10.163,15.941,3.8901,18.909
-15.522,30.434,6.2982,33.919
-13.932,19.898,4.5384,22.424
-7.0395,10.35,2.1737,10.533
-23.958,29.407,5.7834,32.104
0.18951,-0.26528,0.0366,0.54341
0.37015,-0.14582,0.036473,0.43221
-0.0089695,0.21568,0.025717,0.034217
-0.52982,0.29259,0.004285,-0.22942
0.20019,-0.23423,0.076203,0.8189
-0.91135,0.052366,-0.02068,-0.24404
-0.18006,0.27867,0.011285,-0.16593
-131.59,5.493,1.1573,4.5813
25.935,37.471,10.635,58.752
-176.02,12.753,5.2763,45.903
-25.808,33.97,10.554,45.421
-21.199,32.848,7.6635,40.652
-14.012,16.123,4.7948,21.882
-12.247,22.478,5.787,28.219
-20.434,39.62,8.1096,47.492
-6.0822,14.926,3.0781,16.497
-8.1707,13.014,3.0373,15.336
-9.9185,23.288,5.9266,29.7
-0.49289,-0.057084,0.13974,1.2298
-0.013156,0.054085,0.14126,1.1375
0.095085,0.14902,-0.00032187,-0.10869
-0.25798,0.15646,-0.067227,-0.71235
-0.45593,0.042352,0.22255,1.7959
-0.77414,0.078399,-0.045376,-0.488
0.16787,0.24531,-0.0025696,-0.28717
-204.81,13.939,4.0622,31.245
56.555,61.028,17.366,93.736
-197.28,-0.3342,3.9898,50.81
-8.328,18.379,3.364,21.273
-8.1241,23.009,4.9114,26.932
-9.2286,18.522,3.8929,21.571
-8.0009,11.379,2.2457,12.272
-29.34,28.99,7.0628,36.421
-6.9804,9.414,2.1022,10.866
-5.014,7.0641,1.578,7.6543
-13.873,25.014,5.7606,28.793
0.24948,-0.30624,0.018955,0.41142
0.38938,-0.22956,0.023022,0.38522
-0.19077,0.23797,0.044097,0.21426
-0.46153,0.42558,0.039734,-0.01891
0.40346,-0.33018,0.043668,0.59831
-0.45222,0.27806,0.016683,-0.16191
-0.10559,0.28274,0.026727,-0.017847
-222.53,0.85756,3.9942,23.422
57.919,49.914,13.296,70.778
-69.311,28.649,9.4302,46.052
-15.406,26.256,6.228,30.861
-18.973,29.162,7.6469,35.938
-8.9591,15.884,3.9918,18.484
-18.975,29.739,7.7784,38.469
-39.482,60.241,16.988,79.579
-23.214,34.117,10.101,44.663
-33.189,48.71,12.713,59.734
-28.171,36.739,8.3984,45.014
-0.19129,-0.033166,0.1458,1.2505
-0.0185,0.033292,0.13409,1.087
0.14661,0.15979,-0.0096859,-0.2117
0.079081,0.21193,-0.051703,-0.64713
-0.36321,0.014969,0.22915,1.8643
-0.3716,0.1116,-0.019156,-0.26738
0.13205,0.19489,-0.011707,-0.32484
-93.2,11.439,3.7239,33.856
48.933,31.866,8.0433,41.401
-165.47,-4.7137,-2.2246,-2.3659
-6.6899,19.044,4.6035,21.436
-20.298,38.632,8.4983,47.108
-14.091,21.452,4.734,25.818
-7.2794,10.282,2.7082,12.151
-17.715,28.696,8.6702,35.139
-9.7449,15.7,3.738,18.034
-6.4629,13.581,2.7152,13.993
-19.501,30.674,7.4054,37.661
0.28781,-0.33828,0.0053364,0.37906
0.40137,-0.25493,0.0077806,0.31427
-0.26545,0.23468,0.03702,0.1164
-0.36016,0.35229,0.028843,-0.13105
0.51027,-0.33313,0.038737,0.64823
-0.24966,0.24385,0.024146,-0.066215
-0.0090499,0.24119,0.020122,-0.1273
-107.25,25.086,6.7257,34.817
41.034,44.966,12.521,71.785
-230.99,-6.0452,1.5552,13.645
-35.32,52.361,12.322,62.407
-23.586,31.583,7.7138,41.689
-14.524,21.77,4.8802,26.662
-11.079,18.95,5.1324,24.7
-24.465,39.439,10.339,49.596
-15.192,23.749,5.39,27.707
-8.5753,16.264,4.4822,19.224
-10.247,41.387,12.858,54.3
-0.098024,-0.15526,0.064854,0.72048
0.080712,-0.05942,0.0752,0.73767
-0.10529,0.22677,0.034786,0.1369
-0.65266,0.27217,-0.0059795,-0.31119
-0.048431,-0.11191,0.11145,1.047
-0.77971,0.1714,-0.012291,-0.35384
-0.25538,0.23989,0.01577,-0.083267
-312.52,-9.8641,-5.3481,-28.738
77.656,57.452,14.949,79.049
-215.48,1.5257,5.4098,56.489
-16.66,29.322,6.4358,35.271
-14.761,26.496,4.9277,29.158
-12.496,25.363,4.6894,27.908
-8.2355,18.099,3.6005,21.853
-23.293,34.547,7.7202,45.787
-17.343,24.273,4.6232,28.8
-19.164,23.34,5.2951,27.377
-32.8,43.423,10.704,53.909
0.078122,-0.12262,0.078153,0.82595
0.16015,-0.044192,0.083044,0.79924
-0.12878,0.12821,0.013049,0.018194
-0.23611,0.27133,-0.015628,-0.41051
0.17475,-0.074552,0.12477,1.1812
-0.23004,0.25197,-0.0069707,-0.35538
-0.12643,0.19911,0.00046229,-0.19326
-281.55,-11.852,0.88634,18.627
49.904,49.359,12.006,63.945
-98.968,9.8558,3.4447,24.089
-14.102,15.801,3.7787,19.901
-11.833,27.42,4.9303,31.125
-7.2772,17.812,2.6832,19.702
-6.368,12.594,2.4057,14.177
-22.005,26.539,7.5302,33.84
-11.237,15.774,3.9836,18.845
-3.5152,4.7809,1.0944,4.69
-12.202,27.913,6.4883,33.832
0.19975,-0.11015,0.076772,0.82307
0.25038,-0.050814,0.077398,0.77221
-0.067611,0.15647,0.02869,0.11702
-0.064189,0.28497,-0.0076875,-0.39273
0.28954,-0.087797,0.10858,1.0673
-0.17775,0.24213,-0.018451,-0.45723
0.052111,0.23931,0.01091,-0.16831
-154.97,-6.4298,1.3955,16.075
21.71,28.085,7.5569,41.823
-175.16,10.633,2.8462,26.472
-8.4625,16.754,5.6717,20.822
-16.073,33.111,9.2666,42.642
-8.5804,24.053,4.81,27.594
-9.1292,16.873,3.7309,20.484
-16.352,28.665,7.2569,35.909
-7.3971,11.475,2.4827,13.572
-7.7057,14.36,3.5164,16.707
-14.755,29.481,6.8753,34.296
0.21871,-0.23536,0.052667,0.58465
0.25511,-0.14401,0.05769,0.57024
-0.19006,0.18788,0.03692,0.2108
-0.26678,0.29683,0.00021668,-0.23102
0.37509,-0.22261,0.08434,0.77649
-0.19046,0.24111,-0.012825,-0.37617
-0.084687,0.23796,0.012089,-0.10112
-190.58,-7.0172,-0.50649,1.961
48.526,39.818,10.868,58.208
-132.05,17.852,7.7299,50.774
-19.765,28.109,6.6758,33.758
-22.641,25.547,6.0198,31.314
-13.346,16.539,4.6775,21.54
-11.368,15.62,3.9686,20.389
-19.841,30.333,6.6523,37.582
-6.2557,10.52,3.0183,13.538
-9.6739,12.942,3.5477,15.497
-16.424,25.173,6.9441,31.608
-0.10016,-0.119,0.086271,0.89578
0.20882,-0.035032,0.084589,0.80137
0.12771,0.21861,0.033141,0.1079
-0.50282,0.25605,-0.0095636,-0.33814
-0.10095,-0.11592,0.12001,1.1736
-1.0454,0.091084,-0.029412,-0.38395
-0.036022,0.25608,0.014247,-0.12524
-249.92,-10.336,-4.6445,-8.4486
35.514,44.552,13.427,65.489
-172.37,6.047,6.0641,63.174
-6.0936,13.992,3.626,16.339
-12.726,19.547,5.731,24.511
-8.9123,22.6,6.2447,27.633
-16.23,18.302,4.9164,23.849
-15.432,22.585,5.3171,27.624
-14.73,19.547,4.9896,24.141
-3.5292,7.8147,1.6172,7.7961
-11.595,28.027,6.6784,32.629
0.31866,-0.33686,0.0030778,0.37191
0.36987,-0.25984,0.017241,0.39697
-0.099275,0.29909,0.067475,0.32471
-0.31639,0.53666,0.063951,0.058041
0.4441,-0.46356,-0.0022698,0.42722
-0.39771,0.35157,0.011628,-0.21763
-0.13062,0.32007,0.043727,0.058414
-270.28,-9.5181,4.2012,38.497
51.556,38.725,9.9172,48.899
-75.621,26.234,8.1057,52.813
-17.701,22.572,5.7163,28.216
-20.619,46.756,9.8625,55.443
-15.545,32.106,7.6112,38.335
-12.863,22.494,4.0296,24.547
-26.335,45.9,12.557,58.779
-15.139,26.453,6.6565,32.279
-20.085,30.478,7.2909,36.328
-31.495,46.335,12.053,59.091
0.31267,-0.32234,0.023658,0.35922
0.43711,-0.20953,0.035322,0.37749
0.10517,0.27457,0.036247,0.13205
-0.43444,0.42232,0.024291,-0.078254
0.26897,-0.43821,0.042931,0.53314
-0.92223,0.18636,0.00175,-0.12914
-0.12949,0.311,0.02795,0.0081751
-167.83,-4.1882,-3.8163,-3.5009
39.165,29.265,7.2057,27.43
-91.365,19.362,5.3123,43.801
-23.739,32.623,7.5191,37.987
-45.364,77.964,20.977,100.59
-17.279,31.725,8.4955,38.803
-10.849,14.592,4.498,17.545
-27.858,46.402,12.668,59.389
-19.256,36.024,8.3417,43.037
-7.189,10.468,2.1628,11.44
-38.017,31.281,8.7409,40.631
0.28949,-0.34842,0.0046857,0.3392
0.41554,-0.24553,0.014823,0.33838
-0.052281,0.28343,0.049365,0.19373
-0.44961,0.35024,0.017889,-0.16462
0.31007,-0.44622,0.011031,0.47287
-0.76702,0.18339,-0.0014515,-0.24031
-0.1188,0.22641,0.010736,-0.12652
-167.29,-1.9596,-1.6319,-5.927
49.106,39.636,10.369,44.847
-214.79,24.14,4.245,41.571
-28.389,39.015,8.7548,49.062
-24.167,34.128,6.4559,38.397
-17.241,22.707,4.8482,26.991
-5.9869,17.013,4.4236,21.232
-15.485,37.733,10.538,48.894
-11.573,21.903,6.1899,27.307
-11.502,18.513,4.7276,20.909
-22.727,34.408,9.0648,39.925
0.1081,-0.19454,0.038603,0.59926
0.36231,-0.15721,0.03543,0.53232
0.003788,0.27531,0.060901,0.24911
-0.71004,0.38486,0.051918,0.026583
0.21395,-0.29596,0.034593,0.70681
-1.084,0.20598,0.011635,-0.15086
-0.22454,0.26999,0.040714,0.082569
-214.8,1.2744,-0.29505,14.826
20.336,29.917,6.6665,29.217
-158.02,10.994,5.9864,61.114
-24.113,32.614,8.3437,39.672
-6.0466,26.315,5.5185,29.954
-6.3547,17.916,4.1285,20.351
-7.3984,14.755,3.3113,17.634
-19.058,21.048,5.5197,25.274
-8.0322,12.664,3.3516,15.313
-6.7369,8.597,1.8077,10.046
-14.975,19.443,4.6052,22.257
0.28896,-0.21348,0.04278,0.50645
0.33928,-0.15293,0.055173,0.57918
-0.10668,0.21125,0.037469,0.17665
-0.31023,0.3864,0.017047,-0.16761
0.43243,-0.28433,0.058668,0.68431
-0.35534,0.27341,-0.010211,-0.35502
-0.068252,0.22831,0.024269,0.018935
-221.95,-10.455,-1.3025,9.2857
30.515,24.437,6.0315,28.709
-70.408,16.331,6.0768,40.707
-13.983,24.655,7.8299,32.701
-15.211,21.459,6.7374,28.023
-11.637,16.813,3.8901,20.342
-8.3066,13.151,3.3288,15.707
-13.325,26.117,6.7203,31.282
-11.915,20.361,4.9364,23.576
-9.3434,15.698,3.6867,18.227
-9.8157,26.97,7.1244,32.03
-0.055238,-0.095717,0.106,0.96152
0.16093,0.0098212,0.11029,0.91658
0.13072,0.20657,0.017573,-0.0031859
-0.16481,0.22256,-0.037667,-0.51978
-0.10821,-0.088556,0.15653,1.3557
-0.68574,0.099006,-0.035044,-0.4058
0.072039,0.23211,0.00038096,-0.20721
-176.71,-8.1739,-0.13262,11.654
10.161,23.073,7.7849,38.622
-207.11,8.334,4.8088,52.931
-9.8132,26.174,5.447,30.44
-15.325,39.991,10.295,50.641
-12.174,19.685,3.5971,21.312
-10.782,13.797,3.0456,16.141
-13.844,17.527,3.914,21.534
-4.3026,5.7871,1.0833,6.0524
-2.9144,6.209,1.6375,7.4034
-5.0915,19.202,4.2469,20.22
0.11856,-0.21781,0.053539,0.58859
0.28487,-0.15022,0.056099,0.56066
-0.11281,0.19753,0.024532,0.09249
-0.38897,0.30986,0.0036579,-0.20395
0.24584,-0.27262,0.08246,0.80275
-0.60283,0.22397,-0.0042812,-0.2479
-0.049645,0.21791,0.0093004,-0.10388
-163.39,8.7157,0.54832,0.97774
23.303,47.278,13.86,77.605
-173.84,10.731,6.1663,47.108
-17.026,22.007,4.6502,24.17
-21.072,26.086,7.7795,33.91
-14.166,20.789,5.7202,25.689
-8.097,13.031,3.8838,15.839
-16.299,24.944,6.0733,30.436
-8.2886,15.038,3.4699,17.796
-10.548,17.261,3.8544,19.504
-15.692,20.377,4.9774,23.333
-0.10132,-0.10059,0.081737,0.85906
0.098597,-0.051548,0.081972,0.80548
-0.25554,0.1701,0.027918,0.11695
-0.50824,0.28238,-0.0069193,-0.34946
0.19066,-0.10416,0.11068,1.1121
-0.34632,0.25558,-0.010423,-0.36924
-0.12948,0.19951,0.0051236,-0.14864
-271.85,-16.807,-5.4829,-23.844
72.026,52.927,14.55,81.575
-117.41,10.12,7.4916,54.775
-14.977,18.388,3.247,19.448
-11.529,15.91,3.0924,17.681
-5.6094,16.334,3.1902,19.131
-7.0018,13.058,3.0733,15.003
-8.2632,19.988,4.2781,22.702
-2.1005,6.6137,1.715,7.3846
-3.576,6.4302,1.379,6.1458
-14.53,22.38,6.4928,28.247
0.21869,-0.18741,0.050715,0.57581
0.40691,-0.039629,0.074191,0.66105
0.17785,0.30928,0.048048,0.18268
-0.17928,0.38612,0.01235,-0.22003
0.12495,-0.2103,0.086492,0.86079
-0.8818,0.16568,-0.0088865,-0.28214
0.076315,0.32349,0.027055,-0.0033909
-355.5,-22.454,-3.9601,14.639
55.296,38.863,8.457,38.708
-137.15,8.8824,2.601,32.767
-39.387,50.802,13.717,63.354
-25.355,26.263,6.9244,32.958
-16.801,21.085,4.9128,26.342
-9.4317,22.552,4.9676,27.65
-61.402,107.25,25.633,138.66
-59.5,97.012,24.112,125.73
-9.8163,17.977,4.4169,22.329
-8.7169,21.689,5.3597,25.284
-0.14628,-0.086943,0.11755,1.0334
0.13973,0.012045,0.11774,0.94265
0.17698,0.19752,0.0070498,-0.091931
-0.21508,0.20264,-0.04953,-0.58309
-0.23981,-0.071957,0.17809,1.4971
-0.81951,0.07441,-0.033293,-0.33377
0.027924,0.19977,-0.012784,-0.30058
-158.16,-0.34267,1.9746,15.684
41.542,35.759,8.7512,45.338
-158.45,-0.80861,0.27481,21.757
-12.068,26.837,5.9089,33.019
-16.662,35.99,8.9409,43.853
-7.9595,15.98,3.8563,18.769
-6.316,11.693,3.1632,13.972
-13.349,19.799,4.9288,24.45
-3.9062,6.2755,1.6079,6.7985
-5.0443,6.33,1.5042,7.4103
-11.948,24.642,5.0595,29.466
0.19831,-0.42509,-0.020526,0.28516
0.34408,-0.29729,-0.0035645,0.30479
-0.22418,0.27627,0.052096,0.19386
-0.49443,0.39298,0.03668,-0.092637
0.38338,-0.47941,-0.0080532,0.48144
-0.4885,0.21949,0.010806,-0.16322
-0.090526,0.25671,0.020439,-0.098427
-183.1,1.2112,0.89437,5.6834
46.876,42.879,11.982,60.333
-196.45,-9.4091,0.57409,18.768
-16.838,28.412,9.6367,38.117
-31.769,46.656,13.045,58.161
-22.27,32.422,7.7857,39.58
-17.755,24.359,6.4531,33.246
-29.825,46.091,11.918,61.528
-12.809,20.127,5.1477,25.251
-11.114,17.272,3.3689,19.309
-19.407,24.381,4.6753,28.053
-0.30991,-0.11215,0.10301,0.95581
0.15927,-0.012101,0.10849,0.90375
0.1408,0.2167,0.014905,-0.03466
-0.60202,0.17825,-0.044209,-0.49291
-0.32666,-0.079503,0.16667,1.4169
-1.3124,0.023003,-0.043226,-0.33793
0.0080848,0.20807,0.0042904,-0.16608
-205.52,1.2113,-1.2509,-5.9364
40.408,50.218,13.362,72.553
-162.88,5.7111,4.9763,49.634
-27.325,43.085,9.7543,51.257
-10.581,26.63,6.2215,31.706
-7.4514,17.974,5.032,22.359
-7.845,19.165,4.225,22.376
-18.134,32.753,7.0457,42.004
-10.034,12.059,2.6328,13.744
-8.2436,7.3873,1.9327,9.0593
-16.654,18.828,5.2541,23.989
0.25175,-0.25542,0.020383,0.46221
0.40656,-0.13113,0.042082,0.53945
-0.056503,0.25202,0.04557,0.18495
-0.42037,0.34753,0.020754,-0.1862
0.3085,-0.28231,0.049149,0.70013
-0.67642,0.20352,-2.1289e-06,-0.28626
-0.10734,0.25299,0.024692,-0.030921
-283.83,-17.225,-0.82135,11.937
52.778,36.121,9.948,48.027
-158.11,5.5888,2.6025,21.753
-13.14,19.322,5.3354,25.112
-11.299,20.319,6.1923,25.971
-5.4071,20.856,4.3605,24.759
-14.54,21.474,4.3182,25.217
-28.509,44.041,10.687,55.364
-14.331,22.003,5.1733,25.984
-5.3341,11.114,2.3734,12.553
-9.9234,25.671,5.8268,29.478
0.22713,-0.1776,0.054763,0.60608
0.19442,-0.16759,0.048151,0.54672
-0.17731,0.13775,0.017962,0.043075
-0.30533,0.33171,0.0091599,-0.21336
0.35895,-0.2109,0.083029,0.86617
-0.16969,0.32782,0.017343,-0.1561
-0.22294,0.20237,0.0086894,-0.089592
-70.012,20.123,5.6983,34.679
-15.578,23.476,5.2424,28.888
-63.932,36.98,9.7972,59.49
-10.824,16.367,5.1263,21.696
-11.973,37.714,8.1734,43.805
-12.908,26.598,5.482,30.39
-10.766,16.55,3.1603,18.535
-21.853,31.479,6.6984,37.045
-5.3334,8.9297,2.0109,10.331
-3.6148,5.0159,1.314,5.8944
-16.812,19.78,5.6637,22.982
0.062892,-0.25773,0.031717,0.50716
0.3671,-0.14161,0.051459,0.56652
-0.1061,0.20242,0.02947,0.080372
-0.54496,0.27275,-0.00083037,-0.24832
0.2145,-0.2361,0.072033,0.83404
-0.92814,0.23253,0.0029405,-0.20805
-0.041951,0.22942,0.022919,-0.049967
-164.64,4.227,1.3407,10.959
2.9121,50.674,12.702,78.269
-220.29,24.785,10.992,85.303
-21.672,37.09,9.3113,44.821
-47.088,63.806,16.033,78.223
-17.562,35.608,9.2256,42.956
-15.848,23.211,6.0065,28.279
-29.789,50.106,13.059,60.903
-11.387,17.961,4.3326,21.209
-16.704,25.435,6.9089,31.152
-12.34,14.541,4.679,19.066
0.11579,-0.21661,0.030858,0.55353
0.30201,-0.15965,0.033375,0.51846
-0.32433,0.23089,0.056986,0.2836
-0.65552,0.39212,0.04616,-0.033272
0.41975,-0.24208,0.03723,0.66014
-0.49098,0.31182,0.019131,-0.23112
-0.16346,0.27205,0.033131,0.0086534
-256.17,-1.0714,-0.83389,-3.8558
59.546,59.804,16.321,86.728
-110.44,16.478,7.239,45.194
-17.354,31.222,6.7948,35.262
-32.213,47.892,11.571,60.315
-12.494,19.929,5.2633,23.737
-17.052,26.731,6.1898,32.975
-41.981,69.871,17.47,87.626
-22.232,32.93,8.2806,39.902
-21.598,31.295,8.5291,39.837
-8.1539,20.891,5.2752,24.5
0.29262,-0.20451,0.038021,0.50803
0.33185,-0.13352,0.051258,0.58573
-0.091059,0.20729,0.03004,0.11558
-0.28412,0.39909,0.018046,-0.2103
0.41518,-0.21464,0.072713,0.78461
-0.39691,0.34575,0.021756,-0.2148
-0.12865,0.22231,0.013823,-0.042361
-295.19,-9.929,2.1377,30.785
55.651,38.648,7.9893,39.549
-162.11,-4.9615,-0.2814,8.9837
-26.659,37.526,7.9768,42.624
-7.797,29.814,6.8093,38.442
-8.8631,20.355,5.5538,27.774
-11.909,18.334,4.9975,23.999
-41.799,65.519,17.619,86.815
-12.423,21.398,5.0592,26.361
-11.291,19.459,4.9763,23.296
-12.959,31.247,6.8761,33.991
-0.020791,-0.021649,0.13155,1.0984
-0.056231,-0.012716,0.12424,1.0551
-0.14583,0.070645,-0.013188,-0.13183
0.046311,0.24256,-0.046023,-0.61423
0.041457,0.052835,0.20833,1.6371
0.21049,0.32214,-0.0058698,-0.40617
-0.04745,0.12428,-0.018391,-0.2672
-161.55,-1.0095,2.3478,20.051
29.4,25.998,6.0953,34.39
-175.28,2.1208,0.53393,2.6451
-42.062,69.552,17.932,91.527
-16.73,26.257,7.0115,35.19
-14.438,13.395,3.4512,16.194
-10.401,12.635,3.5496,15.147
-4.1034,8.987,2.3613,10.366
-2.7159,6.2251,1.6559,6.9851
-3.5449,7.7858,1.7538,8.7622
-29.52,41.787,10.838,50.61
0.23424,-0.5261,-0.0065975,0.36239
0.40343,-0.38407,0.01285,0.39953
0.051952,0.30916,0.04563,0.14161
-0.42513,0.48216,0.032583,-0.12628
0.23151,-0.67342,0.0076859,0.578
-0.817,0.23092,-0.0028948,-0.20812
-0.081473,0.35206,0.042357,0.024619
-106.22,12.141,2.3387,21.863
29.437,30.688,8.3698,40.786
-129.6,6.6831,2.2344,31.617
-39.018,53.633,14.102,70.147
-33.843,44.435,11.726,59.911
-11.148,20.6,5.4685,25.273
-12.964,22.94,4.768,27.014
-34.906,56.733,13.796,73.377
-25.965,39.631,9.373,49.424
-10.802,16.822,3.8517,19.071
-30.072,41.907,9.5947,49.048
0.16705,-0.24187,0.021843,0.50433
0.38415,-0.17661,0.026076,0.47598
0.0034807,0.26211,0.051739,0.19815
-0.61584,0.38675,0.046694,-0.043669
0.24312,-0.31629,0.029504,0.66049
-0.9652,0.20435,0.010543,-0.17857
-0.13341,0.25073,0.032736,0.0072701
-143.18,-1.2174,-1.435,-0.36876
24.192,36.901,10.052,47.008
-200.04,-8.8927,1.4799,31.745
-13.496,32.087,9.951,44.311
-19.765,30.632,8.2088,38.918
-14.909,17.647,4.0974,21.468
-8.1597,14.838,3.7584,18.646
-26.941,29.415,6.3036,36.369
-14.411,19.955,4.7159,24.556
-5.4777,5.3873,1.3873,5.936
-11.159,15.319,5.0205,19.624
0.2692,-0.1686,0.047638,0.56466
0.13127,-0.04013,0.075404,0.70713
-0.2289,0.26988,0.047888,0.22621
-0.3236,0.38436,0.019703,-0.20193
0.097267,0.19689,0.17993,1.3022
-0.16617,0.38714,0.042927,-0.17702
-0.46327,0.3524,0.052239,0.078927
-366.62,2.8883,2.19,49.365
-12.524,138.93,34.989,179.66
-272.93,29.169,7.4837,53.009
-50.397,84.41,22.223,106.2
-13.21,37.385,10.827,48.465
-11.7,18.586,4.3931,23.045
-10.997,22.552,5.1322,28.487
-16.739,33.5,8.2204,40.762
-9.5247,16.784,3.8578,19.328
-5.0602,6.4913,2.0484,7.4934
-12.67,17.753,5.3117,22.013
-0.28458,-0.043637,0.13462,1.1772
-0.08693,0.036679,0.13016,1.0793
0.017044,0.15061,-0.01226,-0.19769
0.017603,0.21656,-0.065399,-0.76154
-0.3552,0.068472,0.22802,1.8356
-0.26961,0.20987,-0.010082,-0.33424
0.07772,0.2052,-0.021733,-0.36203
-233.68,-5.6905,0.75698,23.679
55.351,43.599,10.996,51.46
-204.93,-9.5257,-1.2696,6.0985
-18.672,23.794,6.0692,29.345
-16.497,34.106,8.8902,44.043
-7.5142,17.757,4.7983,21.244
-7.5817,13.385,3.3943,15.925
-25.259,37.525,10.192,48.013
-4.3577,7.294,2.027,9.0558
-2.5593,4.3811,1.1242,4.9985
-11.559,9.9235,2.9298,12.295
0.14568,-0.15535,0.058236,0.67083
0.23052,-0.10966,0.053826,0.59937
-0.15774,0.14998,0.011859,-0.013775
-0.22696,0.31341,-0.0041935,-0.35895
0.28602,-0.15144,0.097411,0.98008
-0.23827,0.24682,0.0055796,-0.26143
0.0019288,0.2078,-0.0023386,-0.22774
-127.26,-0.15361,-0.5375,-9.6722
33.975,30.972,9.2359,46.934
-133.69,15.431,4.9543,20.757
-12.973,22.853,4.7881,25.907
-16.754,26.452,6.2931,31.601
-6.4768,12.917,2.2915,14.707
-6.1629,14.816,3.3308,17.562
-17.777,29.573,8.1505,36.47
-9.8956,20.518,5.0078,25.272
-1.6465,3.9849,0.99046,4.2881
-12.163,15.695,4.2432,19.186
0.041426,-0.27306,0.027642,0.46038
0.36536,-0.18141,0.036259,0.45264
0.023949,0.28611,0.045986,0.18568
-0.77644,0.43696,0.041121,-0.0033235
0.09079,-0.34492,0.052133,0.64171
-1.2105,0.2416,0.01847,-0.072923
-0.24191,0.28467,0.034106,0.026202
-247.98,-7.6738,-1.6521,-0.18214
75.636,56.93,14.846,74.644
-175.52,1.4183,4.232,45.998
-17.679,20.958,6.0265,26.61
-19.338,20.902,5.5998,24.917
-13.236,19.581,4.7372,24.359
-7.4852,16.732,4.1077,19.772
-15.823,25.178,6.6943,31.328
-14.29,23.42,6.7031,29.544
-14.958,21.001,4.8181,25.047
-18.309,22.584,4.7126,24.733
0.33115,-0.28882,0.021086,0.34466
0.42546,-0.16428,0.041452,0.43668
-0.17712,0.2663,0.042333,0.21603
-0.34872,0.51,0.039284,-0.044334
0.52094,-0.35932,0.044302,0.50267
-0.45239,0.37276,0.027077,-0.12305
-0.18592,0.35085,0.036574,0.047367
-350.64,-16.132,0.027813,42.692
75.47,59.988,14.914,76.621
-140.91,10.326,3.5956,31.485
-20.331,21.946,5.2035,27.578
-14.818,43.693,11.064,53.299
-20.284,27.168,6.0454,35.365
-9.681,13.46,3.7481,18.722
-19.261,33.449,9.2158,43.012
-6.5065,11.403,2.5285,13.117
-3.4545,7.0095,1.3903,6.3064
-12.728,25.954,4.8892,26.696
0.3206,-0.19511,0.045387,0.56395
0.24833,-0.12808,0.049022,0.54637
-0.18428,0.18076,0.0222,0.055894
-0.19158,0.34651,0.011301,-0.24496
0.43188,-0.16198,0.088903,0.89612
-0.056844,0.31524,0.026608,-0.13004
-0.19254,0.25833,0.018522,-0.090404
-174.69,8.2336,4.5392,43.842
48.791,35.304,8.9306,42.891
-215.15,-6.1507,-0.6775,1.5676
-15.101,30.92,7.7519,38.515
-21.641,25.937,6.7926,33.949
-12.473,21.083,4.5942,24.907
-9.0638,12.091,2.72,13.49
-13.408,20.2,5.702,26.094
-8.7523,14.168,3.388,17.672
-7.0282,12.131,3.0736,14.111
-11.478,18.351,4.3023,20.723
0.32663,-0.53404,-0.028017,0.20274
0.32343,-0.40174,-0.015325,0.21515
-0.42995,0.33328,0.052529,0.21096
-0.2907,0.50769,0.050515,-0.041615
0.61522,-0.56206,-0.0015558,0.46815
0.075571,0.38333,0.054883,0.024531
-0.079476,0.31445,0.027875,-0.043123
-114.4,13.528,5.384,29.963
34.218,49.135,13.471,68.811
-255.92,-11.587,-1.6098,-0.53928
-37.289,47.149,13.885,63.255
-45.646,66.014,16.27,85.013
-14.593,32.433,6.9967,38.025
-11.295,26.77,7.4843,32.767
-35.923,58.923,14.445,70.002
-13.974,27.027,7.0949,31.884
-13.061,22.026,5.3904,26.186
-25.66,42.239,9.47,50.934
-0.11621,-0.20468,0.047723,0.62033
0.052619,-0.063358,0.07116,0.70006
-0.4052,0.20618,0.024315,0.053115
-0.66411,0.26924,0.0030284,-0.23473
0.22995,-0.13898,0.10446,1.0375
-0.39954,0.22943,0.015305,-0.1221
-0.21256,0.26089,0.031724,0.013623
-225.22,5.0082,1.9705,10.427
19.678,56.102,16.811,89.782
-263.56,-10.416,2.2682,30.413
-17.197,22.474,7.4422,28.598
-6.54,26.746,7.7205,35.46
-9.9503,16.01,4.1433,20.493
-12.105,25.562,7.1989,34.948
-21.683,45.846,12.12,60.775
-8.2222,11.792,3.3039,15.382
-5.4845,8.3611,1.9529,9.5262
-12.873,31.673,6.1025,36.778
0.2228,-0.39369,0.011287,0.43132
0.041612,-0.13167,0.043854,0.38131
-0.29401,0.48799,0.061424,0.07056
-0.55507,0.96567,0.081861,-0.10163
-0.09202,0.056311,0.17523,1.4119
-0.71612,1.1326,0.23409,1.174
-0.5378,0.87258,0.10485,0.11089
-47.843,86.517,20.631,122.54
-59.518,100.79,31.533,144.68
-78.214,136.04,28.186,173.68
0.087848,-0.12622,0.079352,0.83057
0.19286,-0.070958,0.063598,0.62317
-0.21179,0.16782,0.00052654,-0.12724
-0.30044,0.25996,-0.016053,-0.39369
0.26316,-0.07976,0.1364,1.2453
-0.1692,0.11146,0.0030945,-0.095428
-0.081934,0.24245,0.0028476,-0.24524
-190.82,-9.9446,-0.88411,6.6704
80.172,65.798,17.206,83.887
-42.776,14.205,4.1655,21.402
-9.7591,41.25,9.9674,48.983
-28.732,33.577,7.9199,39.457
-18.317,18.052,4.6666,21.816
-13.325,17.179,5.8551,25.015
-25.558,39.452,12.811,59.234
-16.51,27.177,7.3339,36.98
-6.5557,10.594,2.3886,12.767
-10.666,18.666,4.9315,23.425
0.0054046,-0.11194,0.082951,0.87565
0.21614,-0.042952,0.071426,0.67632
-0.1935,0.16507,6.4825e-05,-0.15905
-0.25509,0.25003,-0.018145,-0.4162
0.20422,-0.038818,0.14021,1.3235
-0.32675,0.13509,0.0080975,-0.058541
0.079975,0.24851,0.0054474,-0.25215
-123.69,-0.72087,-0.3882,-2.98
70.586,57.8,16.765,94.948
-76.085,21.039,8.4711,53.272
-23.858,51.771,11.743,63.52
-19.483,29.598,8.6842,38.295
-8.3656,16.583,5.064,21.164
-9.8888,20.359,6.5856,26.445
-18.941,25.196,8.3596,33.945
-9.2935,16.049,4.5039,19.953
-11.211,17.135,4.0711,20.159
-19.813,20.635,5.8662,24.117
-0.33214,-0.14775,0.069785,0.7726
0.23602,-0.013109,0.082918,0.74021
-0.24317,0.21043,0.014307,-0.058298
-0.67718,0.24858,-0.019962,-0.40615
0.10004,-0.0529,0.13328,1.2561
-0.89502,0.096898,-0.015534,-0.1993
0.10119,0.26669,0.013742,-0.14947
-247.31,6.1522,2.6843,21.333
63.992,58.66,16.954,93.144
-77.303,26.637,10.816,75.447
-8.8077,27.543,6.1617,33.204
-16.121,26.799,6.1953,31.135
-11.891,19.295,5.2721,24.277
-11.867,22.092,5.4046,27.196
-22.029,40.7,9.9477,50.748
-19.081,32.212,6.6928,37.86
-14.337,20.517,4.8852,24.621
-21.248,29.911,8.2876,36.449
0.17491,-0.19163,0.031858,0.53276
0.3483,-0.059613,0.053189,0.58522
-0.12735,0.26586,0.036702,0.07238
-0.31791,0.37839,0.020792,-0.23394
0.33485,-0.14499,0.090046,0.96456
-0.45917,0.15692,0.0024539,-0.21223
-0.076559,0.32152,0.033257,-0.030671
-283.21,-4.2487,5.9122,47.247
57.796,85.604,21.317,114.86
-90.727,25.91,11.016,64.246
-21.224,23.043,4.5193,29.604
-20.52,25.271,5.4777,30.883
-14.032,15.26,2.505,16.745
-8.4148,13.991,2.537,15.498
-22.62,28.097,5.3295,33.87
-16.928,22.579,4.7991,26.447
-14.476,20.913,4.8747,24.531
-20.578,29.994,6.6231,35.674
0.25814,-0.2197,0.033899,0.56469
0.34734,-0.11358,0.039243,0.49519
-0.27881,0.19321,0.016069,-0.052497
-0.20038,0.36498,0.024336,-0.18514
0.54102,-0.15726,0.083149,0.97569
-0.060994,0.20448,0.028272,0.014584
0.088306,0.32526,0.034083,-0.03605
-119.08,16.005,4.4566,42.388
46.268,42.124,11.277,55.818
-130.18,3.8949,0.65176,9.4548
-28.104,53.605,12.205,63.205
-19.923,36.101,7.0912,39.903
-8.7049,19.443,4.7748,23.666
-18.235,26.856,7.247,34.98
-31.588,48.544,12.765,66.557
-10.078,12.809,3.343,16.74
-3.9873,5.4705,1.5568,6.469
-11.568,20.244,5.0614,24.006
0.11838,-0.15926,0.066356,0.73001
0.18495,-0.089293,0.058792,0.60281
-0.34909,0.15325,0.00077433,-0.11814
-0.21755,0.30161,0.00083367,-0.29892
0.41437,-0.059071,0.13631,1.2241
0.10652,0.22288,0.031809,0.0083164
0.018131,0.28113,0.018916,-0.10631
-87.726,20.965,5.8954,47.314
49.098,44.138,11.726,57.445
-176.38,-1.0555,0.16274,6.4335
-39.551,41.297,8.3534,49.947
-42.349,65.136,15.402,74.542
-16.194,22.675,5.4179,25.745
-12.192,17.099,4.1314,20.055
-26.738,39.576,9.8445,49.489
-8.1204,10.093,2.3453,11.755
-20.753,30.528,7.6882,37.056
-14.919,21.852,5.0673,25.787
-0.15257,-0.31911,0.008158,0.35755
0.32071,-0.17779,0.030977,0.42654
-0.38836,0.29127,0.047977,0.17846
-0.84899,0.41919,0.03799,-0.043507
0.3573,-0.32542,0.042187,0.61178
-0.75489,0.16677,-0.0060605,-0.19638
-0.09649,0.33641,0.044311,0.05157
-216.46,24.074,5.6842,32.527
30.974,60.268,18.483,90.355
-111.49,19.59,9.3394,68.256
-45.2,69.165,15.573,80.955
-24.351,32.709,8.2504,41.619
-13.824,16.988,5.3874,23.654
-13.264,18.458,4.9438,23.401
-28.56,43.674,11.933,56.467
-16.367,25.261,7.2546,32.421
-16.664,25.204,6.4183,29.761
-24.055,40.116,9.6854,46.953
0.20867,-0.36453,-0.00058724,0.32482
0.33891,-0.25502,0.012796,0.33871
-0.34601,0.27019,0.035817,0.094045
-0.44658,0.47575,0.041603,-0.062912
0.6026,-0.44093,0.019858,0.57074
-0.20183,0.259,0.021743,-0.061252
-0.13009,0.29468,0.028251,-0.020678
-239.74,3.713,6.7043,43.17
76.837,56.745,13.036,68.458
-65.821,16.409,5.735,37.776
-24.532,39.177,9.8339,47.477
-4.054,28.281,8.6792,35.541
-1.6903,20.724,5.6294,24.813
-7.1978,18.008,3.752,21.552
-7.9615,27.746,5.8709,33.532
-3.5935,14.551,2.842,15.688
-6.7177,14.444,3.6011,16.563
-13.944,31.206,6.3339,34.741
0.16769,-0.18343,0.058689,0.68528
0.20783,-0.11521,0.053061,0.57292
-0.31197,0.13884,0.0025871,-0.088052
-0.17327,0.30278,0.0022356,-0.27502
0.41126,-0.11119,0.11795,1.1168
0.1199,0.23987,0.027873,-0.025134
0.03022,0.24944,0.012029,-0.13871
-135.8,10.677,2.9139,26.629
46.458,36.608,10.327,51.593
-106.42,6.3362,1.8406,11.46
-38.412,72.001,18.693,90.622
-28.865,52.983,13.794,65.297
-11.696,21.148,6.0448,26.272
-15.991,18.876,4.2746,22.985
-20.769,31.488,7.4148,39.166
-14.796,23.697,5.548,28.86
-26.515,47.359,11.615,61.235
-12.133,26.039,6.6889,31.137
0.16298,-0.26643,0.022401,0.50438
0.4053,-0.16259,0.026388,0.40767
-0.40204,0.20132,0.025645,0.024955
-0.44051,0.32651,0.019908,-0.18195
0.61513,-0.23384,0.066723,0.82194
-0.26689,0.15027,0.0080257,-0.11704
0.076688,0.26768,0.021984,-0.15724
-125.84,23.191,6.7099,38.564
73.572,60.141,16.617,90.567
-114.34,9.0828,5.1814,31.918
-23.684,32.179,11.083,43.601
-29.582,38.306,11.367,51.66
-13.871,21.201,5.0687,26.155
-7.0846,15.411,2.7932,15.937
-21.674,41.896,10.663,51.984
-12.502,21.432,4.9849,24.817
-20.283,30.529,6.2636,35.952
-13.049,27.641,6.6481,34.008
0.074157,-0.17437,0.056281,0.69355
0.44875,-0.12453,0.041773,0.48712
-0.022165,0.34615,0.060363,0.21166
-0.57079,0.36019,0.027202,-0.10585
0.29988,-0.28118,0.058724,0.81057
-1.0513,0.1164,0.011563,-0.013001
-0.00069279,0.22657,0.0042181,-0.21677
-189.03,-3.7148,-1.862,-2.4988
72.389,70.294,21.671,108.01
-81.12,38.398,12.161,89.03
-9.9733,31.067,9.1725,40.07
-16.015,38.512,10.421,49.856
-13.264,19.466,5.1919,24.023
-11.61,16.521,3.6896,19.615
-13.779,19.964,4.0763,22.479
-10.648,15.543,3.3177,17.765
-12.089,20.156,5.3569,25.074
-16.097,29.012,8.1541,39.091
0.21983,-0.3109,0.0086998,0.38208
0.40552,-0.20549,0.014882,0.33955
-0.27324,0.25009,0.029727,0.052684
-0.42249,0.42421,0.040513,-0.048317
0.56879,-0.3621,0.034543,0.64372
-0.32807,0.23122,0.032513,0.049789
0.0040741,0.27303,0.02325,-0.054858
-271.33,-11.583,-0.79701,2.6968
56.832,66.382,16.184,93.308
-39.721,40.146,12.633,70.251
-40.565,62.103,16.673,78.865
-33.911,28.926,7.3294,36.838
-14.547,24.267,5.6618,30.47
-9.7807,15.898,4.7093,20.979
-30.535,50.31,13.366,65.172
-21.396,29.737,7.1424,35.767
-10.555,18.013,4.8896,21.485
-20.581,39.253,9.6206,45.597
0.16554,-0.13954,0.073554,0.76861
0.23429,-0.079136,0.065106,0.63343
-0.2111,0.16842,0.0040588,-0.1034
-0.15181,0.2876,-0.0065667,-0.33613
0.28378,-0.073658,0.13773,1.2392
-0.021711,0.16233,0.010513,-0.084987
0.027816,0.2013,0.0024455,-0.2164
-191.6,0.46104,2.6433,18.899
87.901,60.728,15.068,82.614
-56.701,7.6599,1.8391,10.895
-25.722,54.534,15.721,68.337
-25.72,32.279,8.6802,40.032
-11.183,20.731,5.539,25.23
-7.0309,15.463,4.8252,19.119
-31.176,46.705,13.976,59.559
-9.1163,15.338,3.9968,18.545
-15.337,24.064,6.009,29.34
-16.099,22.222,5.2746,24.518
0.24387,-0.32483,0.0075783,0.3395
0.40055,-0.2132,0.02323,0.37349
-0.35358,0.24191,0.03209,0.067119
-0.34716,0.3962,0.029313,-0.1021
0.6418,-0.36312,0.03705,0.61799
-0.31595,0.36248,0.049768,0.083267
0.050367,0.27712,0.028813,-0.012868
-80.71,30.713,8.4825,53.728
57.454,69.066,18.556,95.771
-78.263,48.904,16.667,97.253
-40.808,57.559,15.238,73.477
-30.105,45.463,11.869,57.823
-9.7255,16.997,3.7507,19.507
-22.994,46.698,10.828,58.094
-43.214,73.525,17.563,90.211
-19.015,31.677,6.9262,36.233
-17.949,28.844,7.3467,34.803
-27.643,45.268,12.499,58.02
-0.23005,-0.29892,0.017816,0.43058
0.3676,-0.17987,0.0306,0.39875
-0.45683,0.29252,0.050853,0.21731
-0.84588,0.44009,0.038831,-0.030546
0.41425,-0.29948,0.045706,0.65753
-0.79155,0.35658,0.037957,0.077293
0.041329,0.30294,0.02949,-0.08596
-212.89,9.5801,2.3325,17.556
75.904,76.398,22.098,118.7
-89.98,35.773,14.864,89.796
-28.184,37.779,9.5884,47.786
-19.711,39.493,7.8085,44.776
-13.372,33.836,7.3095,39.24
-6.5544,16.554,3.1559,18.16
-16.031,28.991,6.1253,35.399
-14.629,24.425,4.8457,27.88
-13.885,22.632,4.5212,26.331
-35.499,47.075,8.7077,53.751
-0.040529,-0.3717,-0.011629,0.32133
0.31286,-0.22909,0.012061,0.36617
-0.53538,0.29448,0.047901,0.14665
-0.58645,0.49332,0.059315,-0.0037558
0.52503,-0.36839,0.01911,0.61767
-0.37176,0.53173,0.096716,0.34398
-0.012249,0.43485,0.066405,0.12423
-230.93,10.362,2.6023,27.488
39.96,111.52,27.553,155.87
-76.045,48.263,12.862,72.14
-15.767,29.195,7.6721,34.312
-25.993,58.209,15.969,71.594
-28.133,44.07,12.509,56.808
-8.0192,17.085,4.8107,21.482
-24.531,41.492,9.1973,51.354
-10.106,16.91,3.4257,18.929
-12.725,15.932,3.4179,17.488
-24.718,36.138,7.7243,41.536
-0.49045,-0.089804,0.10598,1.1331
-0.28858,-0.042006,0.090572,0.93066
-0.11675,0.10281,-0.023069,-0.34088
0.23872,0.25546,-0.031918,-0.61978
-0.50676,-0.0036369,0.1819,1.786
0.2359,0.23385,0.023387,-0.045956
0.29651,0.25016,0.003588,-0.27944
-128.55,16.376,3.1385,29.906
58.932,45.994,13.747,72.499
-70.765,1.713,-0.17776,-3.8008
-19.025,26.229,7.2102,34.661
-18.127,29.904,8.7199,39.297
-15.718,13.805,3.9077,16.152
-5.1263,11.213,2.7499,13.095
-14.98,26.016,6.3458,31.802
-4.5734,8.3145,2.0157,9.7722
-4.0179,4.7074,0.91926,4.3176
-19.558,29.825,6.9972,34.667
0.092498,-0.34643,0.0077258,0.41327
0.39016,-0.25891,0.0061587,0.26323
-0.30707,0.27484,0.031517,0.024686
-0.48971,0.44463,0.045674,-0.020735
0.51791,-0.38109,0.03959,0.67744
-0.58028,0.32269,0.051281,0.21246
0.061208,0.30691,0.031179,-0.10659
-157.25,18.876,5.1087,20.299
60.641,73.618,20.95,120.68
-65.975,86.017,28.477,154.26
-18.459,31.774,6.4331,35.678
-24.814,35.941,8.1011,43.322
-13.371,20.809,4.7919,24.867
-13.762,17.661,4.2625,21.151
-21.308,37.378,8.4304,43.867
-10.752,15.12,3.7094,18.079
-8.5709,14.148,3.5873,17.259
-14.949,22.572,6.2741,27.877
-0.1112,-0.19959,0.05069,0.60342
0.33869,-0.10013,0.058141,0.54985
-0.31137,0.18691,0.013096,-0.025477
-0.42599,0.32969,0.00041499,-0.27486
0.34473,-0.16834,0.09851,0.97063
-0.43722,0.19406,0.0031678,-0.12537
0.20218,0.27381,0.016715,-0.1491
-178.99,26.145,8.8863,61.161
72.809,52.462,14.749,76.434
-4.0367,37.268,9.1593,55.505
-16.393,21.693,6.025,28.466
-33.555,60.593,15.34,71.945
-12.355,26.377,6.7357,30.489
-11.109,18.912,5.1422,22.05
-32.248,48.933,12.39,60.174
-12.736,19.994,4.8359,24.41
-7.6943,12.495,2.5137,14.349
-8.8808,22.242,4.5842,27.139
0.32209,-0.23934,0.03642,0.51426
0.37608,-0.15281,0.037221,0.43665
-0.27754,0.19573,0.019228,0.0061472
-0.20324,0.3328,0.0064244,-0.27023
0.52663,-0.21359,0.077909,0.8564
-0.018892,0.19087,0.0081397,-0.13828
0.039676,0.26389,0.017949,-0.16308
-142.73,8.9763,3.6582,21.371
67.709,60.863,14.99,81.6
-72.644,10.218,0.64498,4.4868
-30.974,50.183,11.945,61.13
-17.193,47.982,13.903,59.54
-12.488,23.299,6.1187,29.554
-5.3961,17.142,4.1666,20.984
-18.583,36.223,7.7809,46.892
-10.232,18.806,4.9594,22.939
-14.878,23.001,6.2961,28.846
-18.841,26.483,7.6852,32.817
0.12295,-0.24655,0.014995,0.52559
0.4271,-0.15461,0.017555,0.40348
-0.26075,0.23484,0.038303,0.039628
-0.52987,0.30564,0.031237,-0.12929
0.53089,-0.22634,0.042832,0.81519
-0.73297,0.18934,0.032563,0.061266
0.09851,0.26755,0.027044,-0.11341
-75.675,20.176,4.2919,19.502
70.3,84.954,22.137,128.52
-112.53,36.613,13.297,90.67
-45.029,63.589,14.142,78.509
-32.577,46.667,9.8728,53.7
-14.064,22.663,5.9919,28.526
-11.747,15.429,4.0132,18.181
-28.289,41.281,9.6582,50.307
-16.372,23.707,5.4186,28.098
-17.593,30.509,7.0164,36.605
-16.615,25.574,5.1999,29.67
-0.21553,-0.089524,0.077714,0.85204
0.32036,-0.020657,0.077312,0.74417
-0.14606,0.21516,0.026608,0.026849
-0.43047,0.2809,-0.0054732,-0.38562
0.14683,-0.063556,0.12711,1.2314
-0.74277,0.19466,0.0037799,-0.16238
0.20694,0.32714,0.036436,-0.10094
-195.09,-2.3136,-1.9072,-2.3846
131.33,96.209,28.393,148.97
-70.796,45.224,14.526,98.804
-21.372,37.589,9.5743,47.211
-19.041,23.69,6.0802,28.11
-14.757,21.676,5.3634,26.148
-7.7714,13.224,4.1962,17.005
-18.723,30.747,8.2656,39.611
-8.1544,12.818,3.226,15.149
-7.5752,10.595,2.5094,12.01
-25.677,36.859,9.3159,44.615
-0.0054473,-0.25803,0.046131,0.53797
0.41897,-0.17448,0.038931,0.37374
-0.3491,0.29118,0.040098,0.14332
-0.62369,0.43813,0.038438,0.021876
0.50996,-0.29007,0.073531,0.71909
-0.5995,0.23426,0.030484,0.11956
0.14361,0.33785,0.035534,-0.079449
-219.36,8.1775,2.7708,8.973
101.38,75.587,22.141,119.54
22.143,58.697,16.7,99.915
-23.538,47.353,11.809,61.475
-19.846,37.95,10.315,48.084
-10.404,29.097,6.7403,33.985
-7.1358,17.91,3.9287,21.274
-34.139,54.57,14.517,70.103
-28.605,45.669,11.883,58.307
-14.984,24.06,6.4624,29.558
-17.838,40.043,12.061,48.989
0.42186,-0.3158,0.0022172,0.40689
0.45473,-0.20907,0.0059025,0.29709
-0.12395,0.30233,0.050934,0.13988
-0.15228,0.39544,0.032158,-0.14418
0.47721,-0.37446,0.014055,0.5905
-0.20266,0.092214,-0.014421,-0.18149
-0.010345,0.27402,0.014154,-0.21017
-104.95,2.548,3.055,17.324
76.531,74.951,20.736,107.74
-49.763,21.656,5.8965,31.688
-28.343,58.092,14.554,75.326
-27.677,36.885,8.0508,44.477
-11.898,20.968,5.9136,27.039
-12.649,18.195,4.4011,22.805
-23.757,38.115,8.6667,46.289
-21.662,32.142,7.0104,38.419
-15.706,24.92,5.7302,28.531
-15.52,25.302,7.0925,31.065
0.10353,-0.31051,0.015518,0.4803
0.48453,-0.19358,0.018901,0.32937
-0.2548,0.25956,0.035894,0.05232
-0.49246,0.37175,0.039513,-0.020137
0.57108,-0.35172,0.032706,0.65338
-0.9241,0.42607,0.091313,0.4212
0.1769,0.33508,0.047648,-0.050252
-121.92,31.532,8.0422,40.489
74.617,91.837,24.642,144.09
-10.151,85.819,25.324,151.67
-31.477,46.743,13.928,60.21
-22.839,45.29,9.8117,55.241
-14.671,25.384,5.0017,30.369
-8.9343,17.662,4.6832,21.994
-18.262,27.797,7.0843,33.776
-16.936,31.194,6.4869,37.107
-11.294,17.659,4.3753,21.298
-16.791,28.203,6.6072,35.553
-0.26465,-0.16718,0.056385,0.68574
0.32319,-0.05992,0.064827,0.63259
-0.20619,0.24138,0.028658,0.041504
-0.56915,0.30699,0.0036209,-0.26808
0.19034,-0.10898,0.11052,1.0922
-0.8548,0.20152,0.0046271,-0.079527
0.22753,0.28467,0.022573,-0.10813
-297.93,0.21201,-1.27,-3.0941
113.58,75.607,22.379,120.94
-110.97,33.056,12.301,85.518
-12.806,25.896,6.4586,32.452
-26.671,29.952,7.5978,36.931
-19.284,28.38,6.7105,34.018
-10.518,19.187,4.3577,22.405
-14.948,26.557,6.0653,30.873
-8.0298,12.225,2.5712,14.354
-4.7053,6.2539,1.6243,7.3493
-17.666,26.056,6.4269,29.781
0.11389,-0.31015,0.0032518,0.37153
0.38014,-0.19327,0.019042,0.39176
-0.44399,0.28942,0.0447,0.13507
-0.46765,0.45795,0.047725,-0.034039
0.59613,-0.35306,0.024639,0.62698
-0.33291,0.47386,0.069826,0.22824
0.080673,0.3866,0.058044,0.0865
-306.82,-6.9239,-2.536,-9.6564
77.505,83.281,20.945,127.43
-35.647,30.706,6.1211,41.313
-28.907,37.947,9.9317,50.561
-23.77,41.804,8.3287,49.659
-13.793,25.989,6.3669,32.611
-13.664,21.437,5.4724,26.155
-45.308,66.79,16.854,82.139
-17.977,28.037,7.0981,33.048
-15.333,25.18,5.736,29.334
-22.152,33.642,6.8611,40.023
0.25467,-0.20662,0.046128,0.59137
0.40982,-0.12949,0.036049,0.3944
-0.20045,0.20875,0.010979,-0.088175
-0.25474,0.33108,0.0074571,-0.23517
0.48818,-0.19979,0.089113,0.92513
-0.30277,0.19794,0.029159,0.11022
0.019296,0.2942,0.016501,-0.21088
-142.17,23.135,7.0791,24.404
57.496,76.631,22.981,126.61
-32.48,69.63,20.415,100.64
-38.153,55.128,16.052,73.118
-20.446,35.513,10.451,47.017
-12.515,20.971,5.7655,27.821
-13.087,16.458,4.4026,19.636
-26.225,35.55,8.5547,43.946
-17.265,25.025,5.5335,29.096
-11.44,18.053,4.4064,22.366
-35.816,57.158,12.744,67.088
0.23664,-0.35912,0.010418,0.39393
0.36895,-0.20652,0.018993,0.33513
-0.36239,0.24645,0.033763,0.099086
-0.43164,0.36953,0.030957,-0.068708
0.51524,-0.32038,0.057943,0.68393
-0.19305,0.14234,0.016078,-0.049779
0.023882,0.32742,0.029276,-0.069833
-133.21,10.964,1.2928,6.3743
64.462,82.395,21.465,125.59
-98.055,10.145,3.1443,23.137
-45.383,74.291,19.547,95.566
-43.214,65.78,16.216,80.968
-17.871,31.575,7.5975,40.129
-17.188,29.937,6.7238,36.447
-24.883,37.931,8.3347,44.352
-16.715,23.401,5.6634,28.984
-15.696,22.305,5.4735,26.615
-22.728,40.649,8.5669,48.971
-0.064948,-0.24738,0.037615,0.5218
0.36914,-0.1555,0.037783,0.43625
-0.39171,0.30181,0.048561,0.18856
-0.69192,0.44072,0.040554,-0.012194
0.48846,-0.27724,0.061101,0.7284
-0.61822,0.20588,0.010489,-0.05273
0.11305,0.31967,0.030529,-0.048373
-229.94,8.4806,3.3243,8.4219
83.677,77.149,20.342,114.51
-52.814,30.774,10.878,70.654
-23.434,38.289,9.7712,45.835
-33.73,51.565,13.564,64.188
-16.226,20.341,4.9676,23.247
-10.85,24.119,5.4703,28.62
-22.239,40.294,9.7637,49.276
-13.3,19.476,4.3667,22.137
-11.378,20.275,4.8811,23.576
-15.611,28.426,6.6688,33.077
0.29789,-0.19997,0.043871,0.56828
0.40755,-0.098991,0.04644,0.47703
-0.082981,0.27721,0.026611,-0.011808
-0.24239,0.39462,0.017598,-0.22382
0.41191,-0.22956,0.084329,0.90886
-0.44481,0.14175,0.010802,-0.01428
-0.065466,0.30741,0.029572,-0.11088
-179.82,12.41,4.6542,38.643
92.747,70.822,18.459,97.712
-54.128,20.593,4.5622,29.738
-19.136,30.389,7.4476,37.934
-27.226,40.004,10.074,52.837
-20.157,24.371,4.824,30.361
-15.883,21.446,4.6118,24.996
-31.825,51.918,13.491,63.975
-13.771,21.978,5.5919,26.415
-12.553,18.828,4.1511,21.957
-23.159,26.231,6.7324,30.927
0.036789,-0.071957,0.1139,1.0213
0.11993,-0.0056276,0.096007,0.7973
-0.1044,0.13649,-0.012257,-0.21086
0.011068,0.25556,-0.03092,-0.50581
0.075329,0.031359,0.18862,1.5484
-0.019941,0.20917,0.023332,-0.019131
0.062843,0.23803,-0.0066954,-0.33244
-129.72,23.991,7.6387,45.432
97.88,59.17,14.573,72.114
-74.806,10.046,1.7544,12.082
-34.424,37.664,8.9745,41.941
-32.688,37.858,9.4896,48.726
-14.125,24.24,6.6656,29.719
-11.052,17.12,3.9025,19.998
-27.765,45.148,9.8563,56.321
-7.7561,8.9238,1.921,9.7752
-9.9658,13.615,3.3064,15.471
-16.776,33.219,9.509,41.424
-0.010115,-0.11307,0.085025,0.92135
0.12092,-0.079365,0.06786,0.73074
-0.27524,0.16885,0.0041933,-0.1501
-0.29032,0.19818,-0.016867,-0.39129
0.099571,0.035888,0.16274,1.5289
-0.15885,0.10775,0.00903,-0.042392
0.054535,0.1936,0.0042662,-0.18869
-104.77,17.535,2.7602,3.9129
42.968,65.706,17.749,103.31
-111.93,4.1712,1.9411,21.465
-29.492,45.11,11.528,57.651
-14.861,41.863,9.9616,50.862
-10.652,15.795,4.8789,21.305
-13.85,23.795,5.5264,27.974
-20.635,37.639,8.5033,44.633
-23.979,39.645,9.6075,46.952
-14.857,21.516,5.7186,25.82
-30.327,29.932,7.2994,34.44
0.097149,-0.20535,0.040893,0.61423
0.37349,-0.18044,0.022704,0.40753
-0.25832,0.30819,0.048272,0.12805
-0.6205,0.34359,0.03141,-0.080408
0.39999,-0.21565,0.069831,0.8868
-0.65969,0.11244,0.013141,0.0053039
0.011948,0.2008,0.011965,-0.14865
-170.07,0.39132,-2.4497,-17.729
76.901,57.29,15.478,79.207
-39.369,29.534,7.2788,51.815
-15.711,26.411,6.3997,31.206
-42.039,70.38,18.214,90.972
-13.199,28.791,6.4913,36.148
-6.3429,12.559,2.9674,15.518
-25.659,33.327,7.7606,40.187
-7.5922,12.618,3.0462,15.123
-5.2231,7.5153,1.8773,8.9076
-21.844,19.841,4.6821,24.527
0,0,0,0
0,0,0,0
0,0,0,0
0,0,0,0
0,0,0,0
0,0,0,0
0,0,0,0
0,0,0,0
0,0,0,0
0,0,0,0
0,0,0,0
0,0,0,0
0,0,0,0
0,0,0,0
0,0,0,0
0,0,0,0
0,0,0,0
0,0,0,0
0,0,0,0
0,0,0,0
0,0,0,0
0,0,0,0
0,0,0,0
0,0,0,0
0,0,0,0
0,0,0,0
0,0,0,0
0,0,0,0
0,0,0,0
0,0,0,0
0,0,0,0
0,0,0,0
0,0,0,0
0,0,0,0
0,0,0,0
0,0,0,0
0,0,0,0
0,0,0,0
0,0,0,0
0,0,0,0
0,0,0,0
0,0,0,0
0,0,0,0
0,0,0,0
0,0,0,0
0,0,0,0
0,0,0,0
0,0,0,0
0,0,0,0
0,0,0,0
0,0,0,0
0,0,0,0
0,0,0,0
0,0,0,0
0,0,0,0
0,0,0,0
0,0,0,0
0,0,0,0
0,0,0,0
0,0,0,0
0,0,0,0
0,0,0,0
0,0,0,0
0,0,0,0
0,0,0,0
0,0,0,0
0,0,0,0
0,0,0,0
0,0,0,0
0,0,0,0
0,0,0,0
0,0,0,0
0,0,0,0
0,0,0,0
0,0,0,0
0,0,0,0
0,0,0,0
0,0,0,0
0,0,0,0
0,0,0,0
0,0,0,0
0,0,0,0
0,0,0,0
0,0,0,0
0,0,0,0
0,0,0,0
0,0,0,0
0,0,0,0
0,0,0,0
0,0,0,0
0,0,0,0
0,0,0,0
0,0,0,0
0,0,0,0
0,0,0,0
0,0,0,0
0,0,0,0
0,0,0,0
